0.0000,-0.0025,0.000000
-1.9812,-0.3197,0.049996
-3.9809,-0.7911,0.050344
-5.9465,-1.3576,0.050669
-7.9242,-2.0112,0.051010
-9.8566,-2.6942,0.051345
-11.7622,-3.3846,0.051697
-13.7089,-4.0865,0.052016
-15.6815,-4.7820,0.052359
-17.6573,-5.4514,0.052726
-19.5915,-6.0692,0.053074
-21.6385,-6.6740,0.053417
-23.6161,-7.1872,0.053783
-25.6799,-7.6452,0.054174
-27.6586,-7.9898,0.054558
-29.7213,-8.2391,0.054965
-31.8353,-8.3729,0.055399
-34.0317,-8.3827,0.055906
-36.0627,-8.2805,0.056336
-38.1325,-8.0607,0.056878
-40.2367,-7.7082,0.057425
-42.3479,-7.2284,0.057979
-44.4801,-6.6072,0.058600
-46.3750,-5.9424,0.059063
-48.2823,-5.1502,0.059605
-50.1827,-4.2357,0.060233
-52.0323,-3.2187,0.060992
-53.8634,-2.0838,0.061536
-55.7212,-0.8147,0.062163
-57.4617,0.4764,0.062639
-59.2176,1.8765,0.063157
-60.7565,3.1926,0.063606
-62.2813,4.5770,0.064036
-63.7602,6.0029,0.064477
-65.2366,7.4872,0.064870
-66.6956,9.0094,0.065263
-68.1576,10.6052,0.065608
-69.5311,12.2218,0.066005
-70.8792,13.9585,0.066405
-72.1344,15.7321,0.066811
-73.3449,17.6368,0.067272
-74.4487,19.6025,0.067638
-75.4713,21.6467,0.068060
-76.2920,23.5033,0.068481
-77.0394,25.4165,0.068840
-77.7119,27.3857,0.069202
-78.3219,29.3776,0.069514
-78.8920,31.4419,0.069880
-79.4253,33.5614,0.070251
-79.9261,35.7257,0.070680
-80.3999,37.9008,0.071006
-80.8197,39.9027,0.071335
-81.2647,42.1171,0.071724
-81.6648,44.1419,0.072116
-82.0550,46.1412,0.072399
-82.4565,48.2355,0.072800
-82.8535,50.3118,0.073088
-83.2674,52.4734,0.073438
-83.6770,54.5898,0.073850
-84.1010,56.7300,0.074148
-84.5584,58.9667,0.074572
-85.0347,61.1938,0.074940
-85.5345,63.4463,0.075313
-86.0585,65.7236,0.075691
-86.5961,67.9911,0.076010
-87.1623,70.3150,0.076396
-87.6629,72.3224,0.076788
-88.1623,74.2865,0.077117
-88.6756,76.2798,0.077383
-89.2042,78.2916,0.077786
-89.7283,80.2663,0.078057
-90.2882,82.3350,0.078467
-90.8553,84.4046,0.078812
-91.4199,86.4431,0.079160
-91.9972,88.5100,0.079441
-92.5985,90.6450,0.079794
-93.2002,92.7681,0.080222
-93.8095,94.9084,0.080580
-94.4171,97.0515,0.080870
-95.0316,99.2244,0.081234
-95.6478,101.4139,0.081674
-96.2671,103.6207,0.082044
-96.8849,105.8327,0.082342
-97.5073,108.0752,0.082793
-98.1165,110.2944,0.083095
-98.7372,112.5824,0.083552
-99.3503,114.8756,0.083859
-99.9616,117.1971,0.084321
-100.5647,119.5314,0.084709
-101.1525,121.8404,0.085099
-101.7461,124.1979,0.085490
-102.3195,126.5062,0.085882
-102.9012,128.8769,0.086275
-103.4681,131.2701,0.086673
-104.0239,133.6693,0.087072
-104.5891,136.1658,0.087394
-105.1105,138.5145,0.087879
-105.5398,140.4813,0.088204
-106.0655,142.9305,0.088613
-106.4816,144.9075,0.088941
-106.8923,146.8900,0.089188
-107.2998,148.8827,0.089602
-107.6964,150.8534,0.089934
-108.1228,153.0003,0.090268
-108.6076,155.4625,0.090687
-108.9923,157.4469,0.090940
-109.3888,159.5125,0.091278
-109.7821,161.5760,0.091702
-110.1698,163.6308,0.092043
-110.5569,165.6985,0.092385
-110.9465,167.7873,0.092728
-111.3328,169.8709,0.092987
-111.7250,172.0006,0.093332
-112.1066,174.0812,0.093766
-112.4916,176.1861,0.094115
-112.8761,178.2913,0.094464
-113.2649,180.4223,0.094815
-113.6504,182.5395,0.095167
-114.0436,184.6976,0.095432
-114.4335,186.8396,0.095875
-114.8439,189.0855,0.096141
-115.2239,191.1415,0.096587
-115.6404,193.3674,0.096856
-116.0454,195.5046,0.097305
-116.4608,197.6680,0.097665
-116.8781,199.8107,0.098027
-117.3188,202.0456,0.098390
-117.7574,204.2354,0.098754
-118.2050,206.4492,0.099120
-118.6568,208.6553,0.099486
-119.1121,210.8642,0.099854
-119.5739,213.0971,0.100222
-120.0394,215.3380,0.100592
-120.5036,217.5697,0.100963
-120.9683,219.8063,0.101336
-121.4433,222.0986,0.101709
-121.9014,224.3181,0.102083
-122.3715,226.6092,0.102364
-122.8237,228.8367,0.102834
-123.2719,231.0618,0.103117
-123.7431,233.4104,0.103590
-124.1936,235.6718,0.103874
-124.6512,237.9825,0.104255
-125.1089,240.2975,0.104732
-125.5641,242.6040,0.105018
-126.0196,244.9125,0.105498
-126.4791,247.2465,0.105883
-126.9351,249.5615,0.106268
-127.3962,251.9015,0.106655
-127.8648,254.2736,0.107043
-128.3170,256.5635,0.107334
-128.7825,258.9223,0.107723
-129.2530,261.3078,0.108211
-129.7173,263.6671,0.108603
-130.1817,266.0328,0.108995
-130.6482,268.4158,0.109389
-131.1134,270.7949,0.109783
-131.5780,273.1759,0.110178
-132.0465,275.5776,0.110574
-132.5046,277.9278,0.110872
-132.9788,280.3626,0.111367
-133.4469,282.7805,0.111766
-133.9131,285.1884,0.112065
-134.3838,287.6178,0.112465
-134.8534,290.0379,0.112966
-135.3229,292.4528,0.113267
-135.7962,294.8819,0.113770
-136.2738,297.3380,0.114173
-136.7448,299.7644,0.114578
-137.2175,302.2079,0.114881
-137.6961,304.6912,0.115388
-138.1632,307.1225,0.115794
-138.6326,309.5682,0.116201
-139.1085,312.0605,0.116609
-139.5777,314.5236,0.117018
-140.0606,317.0683,0.117325
-140.5090,319.4344,0.117735
-140.9817,321.9312,0.118146
-141.4629,324.4748,0.118661
-141.9245,326.9180,0.119074
-142.4003,329.4411,0.119384
-142.8741,331.9625,0.119901
-143.3488,334.4987,0.120316
-143.8112,336.9745,0.120731
-144.2817,339.5054,0.121044
-144.7534,342.0610,0.121565
-145.2110,344.5511,0.121878
-145.6776,347.1026,0.122401
-146.1355,349.6101,0.122821
-146.6052,352.1859,0.123136
-147.0722,354.7325,0.123662
-147.4391,356.7204,0.123873
-147.8926,359.1572,0.124401
-148.2822,361.2345,0.124718
-148.7472,363.6985,0.125141
-149.2312,366.2474,0.125459
-149.7228,368.8286,0.125990
-150.2110,371.3814,0.126415
-150.7072,373.9666,0.126842
-151.1992,376.5179,0.127269
-151.6984,379.0983,0.127590
-152.0834,381.0780,0.128018
-152.5868,383.6634,0.128448
-153.1016,386.2972,0.128878
-153.6026,388.8500,0.129309
-154.1140,391.4489,0.129632
-154.5036,393.4237,0.130064
-155.0138,395.9983,0.130497
-155.5400,398.6494,0.130930
-156.0637,401.2772,0.131364
-156.5891,403.9141,0.131799
-157.1156,406.5496,0.132235
-157.6414,409.1731,0.132562
-158.1665,411.7834,0.133108
-158.6920,414.3977,0.133546
-159.0908,416.3765,0.133875
-159.4930,418.3644,0.134204
-159.8987,420.3630,0.134423
-160.4398,423.0144,0.134973
-160.8446,425.0006,0.135303
-161.2511,426.9958,0.135523
-161.6572,428.9890,0.135965
-162.0655,430.9878,0.136185
-162.4755,432.9911,0.136627
-162.8847,434.9874,0.136959
-163.3044,437.0293,0.137292
-163.7098,438.9970,0.137514
-164.1222,440.9942,0.137846
-164.5411,443.0191,0.138291
-164.9576,445.0303,0.138625
-165.3714,447.0297,0.138959
-165.7947,449.0755,0.139293
-166.2075,451.0730,0.139628
-166.6453,453.1937,0.139963
-167.1885,455.8281,0.140411
-167.5924,457.7904,0.140747
-168.0097,459.8193,0.140972
-168.4268,461.8498,0.141421
-168.8408,463.8662,0.141646
-169.2625,465.9204,0.142096
-169.6808,467.9579,0.142434
-170.0989,469.9993,0.142773
-170.5166,472.0421,0.143112
-170.9336,474.0874,0.143451
-171.3497,476.1354,0.143791
-171.7792,478.2552,0.144131
-172.1930,480.3031,0.144471
-172.6087,482.3623,0.144812
-173.0272,484.4350,0.145153
-173.4388,486.4740,0.145495
-173.8564,488.5400,0.145837
-174.2744,490.6036,0.146065
-174.6863,492.6284,0.146408
-175.0990,494.6718,0.146865
-175.5153,496.7406,0.147208
-175.9408,498.8637,0.147552
-176.3447,500.8876,0.147896
-176.7904,503.1350,0.148240
-177.3100,505.7572,0.148584
-177.7200,507.8384,0.149044
-178.1351,509.9445,0.149389
-178.5398,511.9937,0.149735
-178.9561,514.0988,0.150081
-179.3706,516.1899,0.150427
-179.8105,518.4045,0.150773
-180.3475,521.0972,0.151236
-180.7876,523.2893,0.151583
-181.1900,525.2805,0.151931
-181.6194,527.4015,0.152163
-182.0472,529.5025,0.152627
-182.4778,531.6048,0.152976
-182.9314,533.8099,0.153325
-183.3398,535.7941,0.153674
-183.7782,537.9207,0.154024
-184.2170,540.0480,0.154374
-184.6322,542.0561,0.154724
-185.0921,544.2729,0.154958
-185.5227,546.3414,0.155425
-185.9684,548.4739,0.155775
-186.4102,550.5876,0.156126
-186.8488,552.6813,0.156477
-187.2917,554.7979,0.156828
-187.7363,556.9161,0.157179
-188.1793,559.0325,0.157531
-188.6301,561.1761,0.157883
-189.0758,563.2969,0.158235
-189.5221,565.4171,0.158587
-189.9717,567.5502,0.158940
-190.4231,569.6840,0.159292
-190.8643,571.7703,0.159645
-191.3134,573.8946,0.159998
-191.7677,576.0363,0.160233
-192.2163,578.1550,0.160704
-192.6532,580.2192,0.160940
-193.1181,582.4240,0.161412
-193.5659,584.5508,0.161766
-194.0189,586.7079,0.162120
-194.4620,588.8252,0.162474
-194.9076,590.9611,0.162829
-195.3526,593.1044,0.163183
-195.7908,595.2286,0.163538
-196.2441,597.4451,0.163893
-196.6680,599.5283,0.164248
-197.1015,601.6731,0.164603
-197.5335,603.8222,0.164959
-197.9624,605.9691,0.165314
-198.3973,608.1581,0.165670
-198.8147,610.2791,0.166026
-199.2386,612.4469,0.166263
-199.6533,614.5780,0.166738
-200.0725,616.7336,0.167095
-200.4916,618.8903,0.167452
-200.9099,621.0542,0.167809
-201.3432,623.3001,0.168166
-201.7450,625.3743,0.168524
-202.1664,627.5547,0.168881
-202.5856,629.7400,0.169239
-202.9932,631.8635,0.169598
-203.4085,634.0300,0.169837
-203.8272,636.2066,0.170315
-204.2432,638.3682,0.170673
-204.6652,640.5592,0.171033
-205.0851,642.7343,0.171392
-205.4978,644.8829,0.171751
-205.9144,647.0571,0.172111
-206.3320,649.2341,0.172471
-206.7521,651.4324,0.172832
-207.1630,653.5901,0.173193
-207.5789,655.7725,0.173553
-207.9935,657.9546,0.173915
-208.4127,660.1612,0.174156
-208.8204,662.3098,0.174638
-209.2420,664.5339,0.175000
-209.6535,666.7069,0.175363
-210.0681,668.9000,0.175726
-210.4817,671.0897,0.176089
-210.8998,673.3058,0.176453
-211.3105,675.4860,0.176817
-211.7236,677.6837,0.177181
-212.1371,679.8878,0.177546
-212.5498,682.0932,0.177911
-212.9639,684.3123,0.178277
-213.3752,686.5234,0.178643
-213.7852,688.7355,0.179010
-214.1943,690.9517,0.179377
-214.6063,693.1933,0.179745
-215.0129,695.4149,0.180113
-215.4186,697.6404,0.180481
-215.8204,699.8521,0.180727
-216.2269,702.0955,0.181219
-216.6308,704.3269,0.181589
-217.0432,706.6069,0.181960
-217.4422,708.8124,0.182331
-217.8471,711.0499,0.182702
-218.2541,713.2990,0.183074
-218.6638,715.5574,0.183446
-219.0743,717.8100,0.183819
-219.4862,720.0628,0.184193
-219.9020,722.3256,0.184567
-220.3188,724.5838,0.184941
-220.7441,726.8715,0.185316
-221.1643,729.1158,0.185691
-221.5910,731.3849,0.186067
-222.0363,733.7446,0.186444
-222.4504,735.9322,0.186820
-222.8830,738.2089,0.187198
-223.3220,740.5083,0.187575
-223.7564,742.7721,0.187953
-224.2221,745.2069,0.188332
-224.6363,747.3793,0.188710
-225.0677,749.6393,0.189089
-225.5083,751.9316,0.189469
-225.9387,754.1517,0.189849
-226.4008,756.5134,0.190229
-226.8456,758.7806,0.190609
-227.2857,761.0279,0.190989
-227.7386,763.3466,0.191370
-228.2007,765.7067,0.191751
-228.6421,767.9491,0.192133
-229.0970,770.2419,0.192515
-229.5752,772.6273,0.192897
-230.0280,774.8617,0.193280
-230.5364,777.3473,0.193662
-230.9886,779.5448,0.194045
-231.4514,781.7806,0.194429
-231.9317,784.0942,0.194812
-232.4275,786.4715,0.195196
-232.9264,788.8495,0.195580
-233.3852,791.0351,0.195837
-233.8701,793.3427,0.196221
-234.3713,795.7286,0.196735
-234.8439,797.9836,0.197120
-235.3335,800.3206,0.197506
-235.8156,802.6220,0.197892
-236.3035,804.9516,0.198278
-236.8027,807.3436,0.198665
-237.2723,809.6012,0.199051
-237.7563,811.9303,0.199438
-238.2554,814.3362,0.199826
-238.7235,816.5966,0.200213
-239.2066,818.9292,0.200601
-239.7069,821.3366,0.200989
-240.1795,823.6035,0.201377
-240.6677,825.9484,0.201766
-241.1889,828.4666,0.202154
-241.6480,830.6955,0.202543
-242.1153,832.9683,0.202933
-242.5987,835.3210,0.203322
-243.0788,837.6585,0.203582
-243.5593,840.0145,0.204101
-244.0341,842.3546,0.204491
-244.5220,844.7653,0.204881
-244.9837,847.0591,0.205271
-245.4692,849.4866,0.205662
-245.9542,851.9167,0.206052
-246.3936,854.1273,0.206443
-246.8602,856.4856,0.206834
-247.3260,858.8441,0.207225
-247.8067,861.2786,0.207616
-248.2588,863.5680,0.208007
-248.7356,865.9839,0.208398
-249.1910,868.2905,0.208789
-249.6549,870.6365,0.209180
-250.1254,873.0152,0.209571
-250.5917,875.3789,0.209963
-251.0706,877.8024,0.210354
-251.5397,880.1786,0.210745
-251.9901,882.4648,0.211136
-252.4551,884.8405,0.211527
-252.9094,887.1770,0.211918
-253.3701,889.5685,0.212309
-253.8257,891.9374,0.212700
-254.2942,894.3758,0.213092
-254.7350,896.6720,0.213483
-255.1901,899.0416,0.213875
-255.6414,901.3914,0.214267
-256.0936,903.7570,0.214658
-256.5642,906.2239,0.215050
-257.0014,908.5278,0.215441
-257.4651,910.9914,0.215833
-257.8897,913.2673,0.216224
-258.3319,915.6453,0.216616
-258.7668,917.9912,0.217007
-259.2066,920.3725,0.217399
-259.6464,922.7623,0.217791
-260.0797,925.1165,0.218182
-260.5344,927.5826,0.218573
-260.9577,929.8751,0.218963
-261.3968,932.2368,0.219223
-261.8489,934.6604,0.219741
-262.2750,936.9330,0.220128
-262.7378,939.3927,0.220385
-263.1552,941.5907,0.220896
-263.5945,943.8973,0.221278
-264.0329,946.1929,0.221657
-264.4688,948.4696,0.222033
-264.8992,950.7110,0.222407
-265.3488,953.0433,0.222778
-265.7633,955.1851,0.223146
-266.1944,957.4051,0.223511
-266.6209,959.5851,0.223872
-267.0462,961.7467,0.224230
-267.4706,963.8838,0.224584
-267.8924,966.0005,0.224817
-268.3116,968.0916,0.225280
-268.7396,970.2213,0.225623
-269.1449,972.2372,0.225962
-269.5491,974.2484,0.226299
-269.9540,976.2627,0.226522
-270.3661,978.3162,0.226963
-270.8806,980.8779,0.227399
-271.4167,983.5560,0.227830
-271.9192,986.0708,0.228256
-272.4254,988.6028,0.228678
-272.9270,991.1015,0.229093
-273.4417,993.6351,0.229501
-273.9256,995.9932,0.229903
-274.4203,998.3708,0.230299
-274.9168,1000.7389,0.230688
-275.4233,1003.1346,0.231073
-275.8923,1005.3328,0.231453
-276.3928,1007.6495,0.231827
-276.8762,1009.8390,0.232195
-277.3667,1012.0109,0.232556
-277.8544,1014.1108,0.232911
-278.3541,1016.2101,0.233259
-278.8568,1018.2561,0.233602
-279.3698,1020.2808,0.233939
-279.8845,1022.2557,0.234271
-280.4124,1024.2058,0.234597
-280.9616,1026.1449,0.234838
-281.6579,1028.4978,0.235315
-282.3722,1030.8184,0.235709
-283.1167,1033.1257,0.236100
-283.8870,1035.3913,0.236489
-284.6891,1037.6224,0.236876
-285.5437,1039.8605,0.237183
-286.4508,1042.0583,0.237641
-287.3975,1044.1896,0.237944
-288.5202,1046.5555,0.238172
-289.5031,1048.4965,0.238625
-290.6221,1050.5731,0.239003
-291.7732,1052.5610,0.239382
-293.0290,1054.5560,0.239759
-294.3471,1056.4635,0.240138
-295.7627,1058.3343,0.240518
-297.2575,1060.1462,0.240898
-298.8332,1061.9113,0.241280
-300.4502,1063.5886,0.241662
-302.1592,1065.2317,0.242043
-303.8930,1066.8013,0.242426
-305.6953,1068.3521,0.242809
-307.5576,1069.8988,0.243194
-309.3707,1071.3624,0.243579
-311.2601,1072.8440,0.243966
-313.1941,1074.3096,0.244353
-315.1055,1075.7025,0.244741
-317.0821,1077.0880,0.245129
-319.1031,1078.4419,0.245519
-321.1289,1079.7233,0.245910
-323.2333,1080.9803,0.246301
-325.3293,1082.1596,0.246692
-327.4818,1083.2956,0.247083
-329.6794,1084.3775,0.247472
-331.8884,1085.3934,0.247859
-333.8039,1086.2101,0.248168
-335.9886,1087.0662,0.248554
-338.2888,1087.8777,0.248938
-340.6692,1088.6300,0.249246
-343.0445,1089.2886,0.249706
-345.4067,1089.8546,0.250091
-347.4398,1090.2701,0.250399
-349.8078,1090.6703,0.250786
-352.2404,1090.9924,0.251174
-354.7381,1091.2279,0.251564
-357.1769,1091.3616,0.251952
-359.1779,1091.4029,0.252263
-361.6468,1091.3747,0.252652
-363.6612,1091.2907,0.252964
-365.6802,1091.1363,0.253276
-368.1128,1090.8737,0.253666
-370.1283,1090.6028,0.253979
-372.6007,1090.1917,0.254293
-375.0034,1089.7134,0.254764
-376.9755,1089.2761,0.255080
-379.4096,1088.6981,0.255396
-381.3767,1088.2099,0.255793
-383.3628,1087.7070,0.256033
-385.7748,1087.0766,0.256514
-387.7445,1086.5381,0.256837
-389.6908,1085.9773,0.257159
-391.6512,1085.3790,0.257482
-393.5861,1084.7507,0.257807
-395.5123,1084.0842,0.258132
-397.4348,1083.3774,0.258458
-399.3527,1082.6309,0.258785
-401.2506,1081.8496,0.259113
-403.1368,1081.0317,0.259442
-405.0931,1080.1413,0.259772
-406.9283,1079.2689,0.260102
-408.7719,1078.3632,0.260434
-410.6470,1077.4132,0.260766
-412.4667,1076.4729,0.261016
-414.3185,1075.4915,0.261433
-416.1333,1074.5079,0.261769
-417.9574,1073.4985,0.262105
-419.7806,1072.4700,0.262443
-421.6110,1071.4199,0.262782
-423.4528,1070.3462,0.263121
-425.2780,1069.2651,0.263376
-427.0555,1068.1963,0.263802
-428.8846,1067.0839,0.264144
-430.6617,1065.9888,0.264486
-432.4700,1064.8599,0.264830
-434.2645,1063.7273,0.265174
-436.0754,1062.5726,0.265519
-437.9217,1061.3859,0.265865
-439.6581,1060.2628,0.266212
-441.5138,1059.0547,0.266473
-443.2582,1057.9129,0.266908
-445.0566,1056.7317,0.267257
-446.8505,1055.5515,0.267607
-448.7024,1054.3324,0.267958
-450.4592,1053.1771,0.268309
-452.2909,1051.9732,0.268661
-454.0955,1050.7873,0.269014
-455.9071,1049.5974,0.269367
-457.7396,1048.3930,0.269720
-459.5602,1047.1959,0.270074
-461.3752,1046.0017,0.270429
-463.2180,1044.7874,0.270784
-465.1328,1043.5235,0.271050
-466.8938,1042.3589,0.271495
-468.7386,1041.1378,0.271851
-470.5392,1039.9439,0.272208
-472.3720,1038.7277,0.272565
-474.1989,1037.5161,0.272922
-476.0655,1036.2790,0.273280
-477.9078,1035.0592,0.273638
-479.7810,1033.8218,0.273997
-481.6933,1032.5612,0.274357
-483.4745,1031.3928,0.274717
-485.3240,1030.1825,0.275077
-487.2179,1028.9510,0.275438
-489.0907,1027.7394,0.275799
-490.9673,1026.5342,0.276160
-492.8980,1025.3051,0.276523
-494.7637,1024.1296,0.276885
-496.6603,1022.9434,0.277248
-498.6484,1021.7137,0.277521
-500.5140,1020.5717,0.277976
-502.4826,1019.3812,0.278340
-504.3864,1018.2429,0.278705
-506.3295,1017.0947,0.279070
-508.3005,1015.9461,0.279436
-510.2655,1014.8193,0.279802
-512.2779,1013.6800,0.280168
-514.2375,1012.5865,0.280534
-516.2343,1011.4868,0.280901
-518.2134,1010.4111,0.281269
-520.2519,1009.3123,0.281637
-522.2442,1008.2465,0.281914
-524.3041,1007.1504,0.282375
-526.3083,1006.0857,0.282745
-528.3277,1005.0148,0.283116
-530.3331,1003.9476,0.283487
-532.3439,1002.8726,0.283859
-534.3942,1001.7676,0.284231
-536.4121,1000.6687,0.284604
-538.5339,999.4976,0.284977
-540.4671,998.4157,0.285350
-542.4570,997.2870,0.285725
-544.4936,996.1156,0.286099
-546.4884,994.9522,0.286474
-548.4655,993.7843,0.286849
-550.4408,992.6041,0.287225
-552.4672,991.3799,0.287601
-554.4331,990.1808,0.287977
-556.4436,988.9413,0.288354
-558.4215,987.7117,0.288731
-560.3752,986.4870,0.289109
-562.3393,985.2502,0.289487
-564.3717,983.9677,0.289771
-566.3170,982.7397,0.290244
-568.3412,981.4621,0.290623
-570.3184,980.2137,0.291002
-572.2697,978.9806,0.291381
-574.2581,977.7239,0.291761
-576.2591,976.4585,0.292141
-578.2413,975.2063,0.292522
-580.2673,973.9310,0.292903
-582.2624,972.6819,0.293284
-584.2483,971.4462,0.293665
-586.2906,970.1884,0.293951
-588.2885,968.9764,0.294429
-590.3234,967.7568,0.294811
-592.3516,966.5571,0.295194
-594.4259,965.3489,0.295577
-596.4853,964.1675,0.295960
-598.5359,963.0082,0.296343
-600.6603,961.8261,0.296727
-602.7279,960.6924,0.297111
-604.8827,959.5339,0.297400
-606.9620,958.4361,0.297879
-609.0589,957.3505,0.298263
-611.2164,956.2580,0.298644
-613.3247,955.2236,0.299023
-615.4608,954.2053,0.299398
-617.5029,953.2608,0.299769
-619.5916,952.3266,0.300133
-621.6398,951.4485,0.300492
-623.6921,950.6105,0.300757
-625.6656,949.8440,0.301192
-627.6574,949.1049,0.301534
-629.6392,948.4093,0.301871
-631.6070,947.7567,0.302203
-633.5360,947.1522,0.302530
-635.4790,946.5825,0.302855
-637.9227,945.9138,0.303256
-640.3151,945.3160,0.303655
-642.7098,944.7681,0.303973
-645.1428,944.2650,0.304448
-647.5197,943.8261,0.304843
-649.9310,943.4214,0.305237
-652.4096,943.0593,0.305628
-654.7224,942.7738,0.306016
-657.1418,942.5306,0.306399
-659.4554,942.3512,0.306780
-661.8191,942.2189,0.307155
-664.0907,942.1339,0.307526
-666.3391,942.0899,0.307891
-668.5999,942.0861,0.308252
-670.7821,942.1202,0.308611
-672.9779,942.1887,0.308969
-675.2041,942.2932,0.309328
-677.3999,942.4259,0.309690
-679.5912,942.5844,0.310054
-681.8724,942.7761,0.310419
-684.0503,942.9852,0.310785
-686.2816,943.2248,0.311152
-688.4986,943.4930,0.311519
-690.7201,943.7895,0.311888
-692.9323,944.1188,0.312258
-695.1556,944.4740,0.312629
-697.4118,944.8654,0.313001
-699.6829,945.2902,0.313375
-701.8924,945.7352,0.313750
-704.1834,946.2290,0.314126
-706.3682,946.7276,0.314502
-708.5900,947.2640,0.314878
-710.7860,947.8229,0.315176
-712.8808,948.3827,0.315614
-714.9568,948.9766,0.315969
-716.9835,949.5994,0.316316
-719.0010,950.2666,0.316659
-720.9183,950.9404,0.316999
-722.8693,951.6675,0.317339
-724.8478,952.4473,0.317680
-726.7099,953.2220,0.318024
-728.6413,954.0678,0.318369
-730.5759,954.9531,0.318646
-732.4071,955.8424,0.319062
-734.2427,956.7845,0.319404
-736.0520,957.7840,0.319740
-738.1648,959.0485,0.320132
-740.0636,960.3019,0.320513
-741.9141,961.6430,0.320886
-743.7009,963.0655,0.321252
-745.4326,964.5758,0.321613
-747.0332,966.1075,0.321967
-748.5369,967.6962,0.322257
-749.9438,969.3486,0.322655
-751.2242,971.0554,0.322985
-752.3728,972.7823,0.323305
-753.3932,974.5658,0.323614
-754.2726,976.4013,0.323913
-755.0681,978.5105,0.324251
-755.6474,980.6645,0.324580
-755.9890,982.8116,0.324903
-756.1220,984.9801,0.325224
-756.0576,987.1288,0.325549
-755.8062,989.3087,0.325878
-755.3885,991.4878,0.326211
-754.8181,993.6389,0.326547
-754.1082,995.7664,0.326888
-753.2799,997.8370,0.327234
-752.3118,999.9009,0.327583
-751.2465,1001.9038,0.327937
-750.0557,1003.8889,0.328296
-748.7677,1005.8285,0.328660
-747.3998,1007.7356,0.329031
-745.9877,1009.5787,0.329409
-744.6928,1011.1849,0.329738
-743.3322,1012.8119,0.330070
-742.0051,1014.3558,0.330406
-740.6310,1015.9231,0.330746
-739.2470,1017.4764,0.331089
-737.8032,1019.0860,0.331435
-736.3726,1020.6809,0.331784
-734.9236,1022.3053,0.332136
-733.4939,1023.9254,0.332491
-732.0518,1025.5835,0.332849
-730.6268,1027.2495,0.333208
-729.1713,1028.9817,0.333570
-727.7318,1030.7219,0.333933
-726.2944,1032.4895,0.334237
-724.8911,1034.2456,0.334666
-723.4641,1036.0585,0.335036
-722.0610,1037.8713,0.335408
-720.6369,1039.7423,0.335783
-719.2310,1041.6173,0.336161
-718.0329,1043.2324,0.336479
-716.6438,1045.1150,0.336862
-715.4464,1046.7450,0.337184
-714.2620,1048.3618,0.337508
-713.0801,1049.9793,0.337834
-711.8576,1051.6584,0.338096
-710.6714,1053.2927,0.338492
-709.4730,1054.9556,0.338824
-708.2606,1056.6444,0.339092
-707.0356,1058.3653,0.339495
-705.8435,1060.0538,0.339833
-704.6346,1061.7813,0.340174
-703.4110,1063.5490,0.340516
-702.2177,1065.2964,0.340860
-701.0227,1067.0776,0.341207
-699.8213,1068.9111,0.341555
-698.6627,1070.7270,0.341905
-697.4968,1072.6169,0.342258
-696.3284,1074.5936,0.342612
-695.2985,1076.4232,0.342969
-694.2507,1078.3849,0.343328
-693.2163,1080.4291,0.343616
-692.2643,1082.4232,0.344049
-691.3259,1084.4948,0.344412
-690.4248,1086.6121,0.344777
-689.5752,1088.7306,0.345143
-688.7487,1090.9166,0.345512
-687.9813,1093.0875,0.345882
-687.2492,1095.3197,0.346254
-686.5390,1097.6517,0.346553
-685.9389,1099.8007,0.347004
-685.3487,1102.1420,0.347382
-684.8291,1104.4296,0.347763
-684.3530,1106.7655,0.348146
-683.8899,1109.3375,0.348532
-683.5454,1111.5421,0.348920
-683.2211,1113.9468,0.349312
-682.9407,1116.4288,0.349705
-682.7225,1118.8051,0.350100
-682.5443,1121.2858,0.350496
-682.4213,1123.7392,0.350893
-682.3561,1125.7861,0.351133
-682.3212,1128.2250,0.351614
-682.3275,1130.2326,0.351937
-682.3663,1132.2700,0.352261
-682.4371,1134.3278,0.352586
-682.5615,1136.8059,0.352995
-682.6909,1138.8478,0.353324
-682.8579,1141.1072,0.353655
-683.0556,1143.4551,0.354071
-683.2468,1145.5255,0.354406
-683.4514,1147.5844,0.354743
-683.6717,1149.6983,0.355082
-683.8939,1151.7342,0.355423
-684.1292,1153.8273,0.355765
-684.3755,1155.9457,0.356023
-684.6213,1158.0034,0.356453
-684.8888,1160.1828,0.356798
-685.1486,1162.2356,0.357145
-685.4246,1164.3634,0.357492
-685.7029,1166.4512,0.357841
-685.9931,1168.5687,0.358191
-686.2973,1170.7294,0.358541
-686.6055,1172.8670,0.358893
-686.9152,1174.9709,0.359245
-687.2451,1177.1457,0.359598
-687.5791,1179.3158,0.359952
-687.9237,1181.4703,0.360306
-688.2732,1183.5797,0.360662
-688.6561,1185.8154,0.361018
-689.0369,1187.9586,0.361375
-689.4319,1190.0943,0.361732
-689.8528,1192.2870,0.362091
-690.2828,1194.4428,0.362450
-690.7366,1196.6392,0.362810
-691.1983,1198.7984,0.363171
-691.6974,1201.0455,0.363532
-692.1840,1203.1538,0.363894
-692.7146,1205.3591,0.364257
-693.2503,1207.4916,0.364620
-693.8295,1209.7007,0.364984
-694.4146,1211.8479,0.365349
-695.0259,1214.0148,0.365715
-695.6672,1216.2099,0.366081
-696.3234,1218.3786,0.366448
-697.0453,1220.6784,0.366816
-697.6939,1222.6797,0.367184
-698.4188,1224.8467,0.367554
-699.1594,1226.9939,0.367924
-699.9419,1229.1909,0.368295
-700.7375,1231.3457,0.368667
-701.5390,1233.4343,0.369039
-702.4008,1235.5907,0.369413
-703.2740,1237.6824,0.369787
-704.2134,1239.8370,0.370065
-705.1282,1241.8381,0.370526
-706.0866,1243.8576,0.370890
-707.0671,1245.8303,0.371251
-708.0842,1247.7941,0.371608
-709.1337,1249.7388,0.371962
-710.1782,1251.5989,0.372312
-711.2637,1253.4559,0.372660
-712.3828,1255.2897,0.373006
-713.5557,1257.1114,0.373349
-714.7234,1258.8237,0.373689
-715.9424,1260.5188,0.374028
-717.1964,1262.1793,0.374364
-718.5465,1263.8766,0.374698
-720.1598,1265.7797,0.375113
-721.5182,1267.2760,0.375443
-722.9384,1268.7483,0.375771
-724.7243,1270.4889,0.376178
-726.2083,1271.8625,0.376502
-727.7085,1273.2006,0.376827
-729.2257,1274.5068,0.377151
-731.1652,1276.0967,0.377557
-732.7430,1277.3276,0.377882
-734.3522,1278.5348,0.378208
-735.9881,1279.7200,0.378535
-737.6822,1280.9050,0.378862
-739.3588,1282.0397,0.379191
-741.0726,1283.1621,0.379520
-742.7670,1284.2324,0.379851
-744.5250,1285.3044,0.380183
-746.2760,1286.3371,0.380516
-748.0802,1287.3686,0.380850
-749.8903,1288.3699,0.381186
-751.6805,1289.3284,0.381523
-753.5568,1290.3032,0.381861
-755.3743,1291.2223,0.382201
-757.2338,1292.1414,0.382541
-759.1114,1293.0495,0.382881
-761.0086,1293.9539,0.383222
-762.8956,1294.8457,0.383564
-764.7920,1295.7364,0.383906
-766.7211,1296.6394,0.384249
-768.6176,1297.5263,0.384592
-770.5744,1298.4411,0.384935
-772.4708,1299.3294,0.385280
-774.4102,1300.2414,0.385624
-776.3036,1301.1381,0.385969
-778.2509,1302.0711,0.386314
-780.1869,1303.0184,0.386660
-782.1136,1303.9815,0.387006
-784.0019,1304.9527,0.387266
-785.9040,1305.9635,0.387699
-787.8290,1307.0196,0.388047
-789.6979,1308.0819,0.388394
-791.5600,1309.1832,0.388743
-793.4275,1310.3351,0.389092
-795.2658,1311.5092,0.389442
-797.1129,1312.7273,0.389793
-798.9282,1313.9633,0.390145
-800.7252,1315.2388,0.390499
-802.5251,1316.5544,0.390853
-804.2967,1317.8968,0.391208
-806.0373,1319.2639,0.391564
-807.8604,1320.7439,0.391921
-809.5124,1322.1251,0.392279
-811.2339,1323.6074,0.392638
-812.8915,1325.0726,0.392999
-814.5646,1326.5872,0.393361
-816.2797,1328.1639,0.393724
-817.9019,1329.6749,0.394089
-819.5863,1331.2487,0.394455
-821.2256,1332.7829,0.394823
-822.9070,1334.3581,0.395192
-824.5827,1335.9261,0.395563
-826.3075,1337.5401,0.395936
-827.9554,1339.0797,0.396310
-829.6453,1340.6554,0.396686
-831.3582,1342.2498,0.397062
-833.0572,1343.8298,0.397440
-834.7807,1345.4320,0.397819
-836.5026,1347.0339,0.398199
-838.2220,1348.6357,0.398581
-839.9289,1350.2249,0.398964
-841.6369,1351.8161,0.399347
-843.3864,1353.4466,0.399733
-845.1235,1355.0656,0.400119
-846.8629,1356.6865,0.400507
-848.6163,1358.3215,0.400895
-850.3952,1359.9820,0.401286
-852.1315,1361.6059,0.401677
-853.8815,1363.2445,0.402070
-855.6589,1364.9104,0.402463
-857.4184,1366.5714,0.402857
-859.1801,1368.2449,0.403253
-860.9618,1369.9506,0.403650
-862.7180,1371.6439,0.404048
-864.4588,1373.3366,0.404447
-866.2247,1375.0715,0.404847
-867.9668,1376.8012,0.405248
-869.7061,1378.5468,0.405650
-871.4452,1380.3113,0.406053
-873.1895,1382.0995,0.406458
-874.9096,1383.8867,0.406863
-876.6294,1385.6958,0.407271
-878.3484,1387.5268,0.407679
-880.0396,1389.3511,0.408089
-881.7750,1391.2480,0.408499
-883.4360,1393.0893,0.408912
-885.1250,1394.9860,0.409325
-886.8050,1396.9024,0.409739
-888.4874,1398.8524,0.410154
-890.1344,1400.7963,0.410571
-891.7493,1402.7394,0.410988
-893.3671,1404.7237,0.411406
-894.9607,1406.7226,0.411824
-896.6207,1408.8514,0.412139
-898.1298,1410.8404,0.412663
-899.6319,1412.8803,0.413083
-901.1513,1414.9993,0.413502
-902.5948,1417.0735,0.413920
-904.0481,1419.2158,0.414339
-905.4545,1421.3432,0.414758
-906.5463,1423.0304,0.415072
-907.9005,1425.1650,0.415493
-909.2667,1427.3647,0.415914
-910.6121,1429.5758,0.416338
-911.9507,1431.8213,0.416762
-913.2744,1434.0818,0.417188
-914.5876,1436.3743,0.417615
-915.8787,1438.6755,0.418044
-917.1700,1441.0279,0.418473
-918.4195,1443.3527,0.418903
-919.6540,1445.6889,0.419334
-920.8577,1448.0025,0.419765
-921.7735,1449.7929,0.420088
-922.9592,1452.1552,0.420519
-924.1422,1454.5690,0.420950
-925.2753,1456.9422,0.421381
-926.4075,1459.3736,0.421811
-927.4900,1461.7540,0.422241
-928.5576,1464.1629,0.422670
-929.6746,1466.7498,0.423098
-930.6306,1469.0309,0.423525
-931.5976,1471.4120,0.423951
-932.5467,1473.8290,0.424376
-933.2659,1475.7177,0.424695
-934.1418,1478.0929,0.425121
-935.0237,1480.5729,0.425547
-935.8599,1483.0067,0.425972
-936.5015,1484.9400,0.426291
-937.2731,1487.3411,0.426715
-937.8958,1489.3491,0.427033
-938.6051,1491.7224,0.427455
-939.3127,1494.1969,0.427875
-939.9890,1496.6747,0.428294
-940.5127,1498.6775,0.428607
-941.0823,1500.9573,0.429022
-941.5598,1502.9616,0.429333
-942.0775,1505.2547,0.429746
-942.5043,1507.2573,0.430055
-942.9754,1509.6249,0.430466
-943.4271,1512.0741,0.430876
-943.8436,1514.5804,0.431286
-944.2135,1517.0333,0.431694
-944.5498,1519.5507,0.432102
-944.8282,1521.9598,0.432508
-945.0693,1524.4438,0.432913
-945.2682,1526.9317,0.433316
-945.4141,1529.4168,0.433618
-945.4985,1531.8940,0.434118
-945.5264,1534.3388,0.434517
-945.4882,1536.8376,0.434914
-945.3854,1539.2720,0.435310
-945.2164,1541.6928,0.435705
-944.9818,1544.0725,0.436099
-944.6718,1546.5079,0.436492
-944.3055,1548.9017,0.436886
-943.8748,1551.3273,0.437280
-943.3979,1553.6764,0.437675
-942.8600,1556.0632,0.438071
-942.2836,1558.4114,0.438469
-941.6550,1560.8267,0.438867
-941.0221,1563.1747,0.439265
-940.3597,1565.5976,0.439665
-939.7223,1567.9174,0.440067
-939.0577,1570.3146,0.440470
-938.3516,1572.8279,0.440874
-937.7002,1575.1017,0.441279
-936.9844,1577.5471,0.441685
-936.2873,1579.8654,0.442093
-935.5275,1582.3174,0.442501
-934.7757,1584.6564,0.442910
-933.9836,1587.0347,0.443320
-933.1569,1589.4256,0.443732
-932.3016,1591.8152,0.444144
-931.3844,1594.2860,0.444558
-930.5160,1596.5505,0.444973
-929.5723,1598.9299,0.445389
-928.5829,1601.3399,0.445806
-927.6007,1603.6564,0.446224
-926.5751,1605.9983,0.446643
-925.4962,1608.3887,0.447063
-924.4305,1610.6822,0.447484
-923.3172,1613.0124,0.447907
-922.1348,1615.4234,0.448329
-921.0074,1617.6598,0.448753
-919.8184,1619.9617,0.449178
-918.5832,1622.2980,0.449604
-917.6155,1624.0929,0.449924
-916.4067,1626.2935,0.450352
-915.0940,1628.6324,0.450781
-913.8135,1630.8733,0.451210
-912.7942,1632.6339,0.451533
-911.5008,1634.8372,0.451964
-910.1407,1637.1232,0.452397
-908.7691,1639.4049,0.452831
-907.7201,1641.1340,0.453156
-906.3521,1643.3760,0.453591
-905.2981,1645.0945,0.453917
-903.9217,1647.3331,0.454353
-902.8626,1649.0561,0.454681
-901.8147,1650.7625,0.455009
-900.7629,1652.4793,0.455337
-899.7104,1654.2029,0.455666
-898.6678,1655.9143,0.455995
-897.5904,1657.6868,0.456324
-896.1938,1659.9894,0.456764
-894.7985,1662.2941,0.457204
-893.4091,1664.5900,0.457645
-892.3578,1666.3260,0.457976
-891.3029,1668.0663,0.458307
-890.1707,1669.9321,0.458638
-888.8424,1672.1182,0.459081
-887.7372,1673.9344,0.459413
-886.3486,1676.2135,0.459856
-885.2625,1677.9909,0.460189
-884.1994,1679.7287,0.460523
-883.1363,1681.4635,0.460857
-882.0455,1683.2378,0.461191
-880.9765,1684.9702,0.461526
-879.8693,1686.7600,0.461862
-878.7988,1688.4851,0.462198
-877.7054,1690.2413,0.462534
-876.6076,1692.0015,0.462871
-875.5103,1693.7566,0.463208
-874.3738,1695.5707,0.463546
-873.2797,1697.3118,0.463884
-872.1988,1699.0263,0.464223
-871.0648,1700.8184,0.464562
-869.9585,1702.5600,0.464901
-868.8223,1704.3403,0.465241
-867.7142,1706.0676,0.465581
-866.5672,1707.8478,0.465921
-865.3713,1709.6961,0.466262
-864.2747,1711.3828,0.466602
-863.1343,1713.1287,0.466943
-861.9754,1714.8994,0.467284
-860.8384,1716.6347,0.467625
-859.6934,1718.3836,0.467966
-858.5696,1720.1067,0.468307
-857.4317,1721.8611,0.468649
-856.2922,1723.6295,0.468990
-855.1367,1725.4354,0.469332
-854.0373,1727.1640,0.469674
-852.8927,1728.9736,0.470016
-851.7033,1730.8628,0.470359
-850.2993,1733.0969,0.470817
-849.1817,1734.8764,0.471160
-848.0650,1736.6520,0.471503
-846.9509,1738.4174,0.471847
-845.8291,1740.1858,0.472190
-844.7099,1741.9387,0.472533
-843.5447,1743.7420,0.472875
-842.4450,1745.4306,0.473217
-841.2781,1747.2046,0.473558
-840.1607,1748.8688,0.473898
-838.9976,1750.5643,0.474238
-837.8228,1752.2441,0.474577
-836.6320,1753.9032,0.474915
-835.3313,1755.6660,0.475252
-833.7929,1757.6868,0.475701
-832.4136,1759.4411,0.476038
-830.8139,1761.4066,0.476485
-829.5119,1762.9624,0.476820
-828.1861,1764.5024,0.477155
-826.8545,1766.0079,0.477489
-825.4845,1767.5151,0.477823
-824.1162,1768.9789,0.478156
-822.6714,1770.4753,0.478490
-821.2363,1771.9120,0.478823
-819.7648,1773.3414,0.479157
-818.2932,1774.7235,0.479490
-816.6608,1776.2035,0.479824
-814.7367,1777.8798,0.480270
-813.0532,1779.2860,0.480605
-811.0239,1780.9072,0.481053
-809.4319,1782.1303,0.481389
-807.7132,1783.4045,0.481726
-805.5401,1784.9495,0.482176
-803.8329,1786.1111,0.482515
-802.1085,1787.2391,0.482854
-800.3443,1788.3525,0.483193
-798.5929,1789.4197,0.483533
-796.7908,1790.4804,0.483872
-794.9874,1791.5054,0.484212
-793.1041,1792.5330,0.484552
-790.7104,1793.7894,0.485005
-788.6882,1794.8170,0.485346
-786.3014,1795.9875,0.485800
-784.4507,1796.8642,0.486141
-782.5872,1797.7183,0.486482
-780.5931,1798.5984,0.486823
-778.7043,1799.4014,0.487165
-776.7303,1800.2072,0.487508
-774.6659,1801.0145,0.487851
-772.1671,1801.9443,0.488308
-770.0362,1802.6969,0.488652
-768.1296,1803.3376,0.488997
-766.1554,1803.9700,0.489342
-764.1508,1804.5805,0.489687
-762.0913,1805.1719,0.490033
-760.0182,1805.7325,0.490264
-758.0041,1806.2351,0.490727
-755.9125,1806.7216,0.491074
-753.8476,1807.1681,0.491422
-751.7400,1807.5906,0.491770
-749.6231,1807.9837,0.492118
-747.5569,1808.3376,0.492467
-745.4435,1808.6717,0.492815
-743.3143,1808.9817,0.493164
-741.1880,1809.2673,0.493514
-739.0563,1809.5342,0.493864
-736.9274,1809.7784,0.494214
-734.6834,1810.0194,0.494447
-732.6654,1810.2195,0.494915
-730.5249,1810.4161,0.495266
-728.3496,1810.5963,0.495618
-726.1698,1810.7569,0.495970
-724.0092,1810.9072,0.496323
-721.8932,1811.0463,0.496676
-719.7231,1811.1756,0.497030
-717.5049,1811.2986,0.497385
-715.3495,1811.4141,0.497740
-713.0646,1811.5339,0.498096
-711.0306,1811.6358,0.498452
-708.8077,1811.7431,0.498809
-706.5915,1811.8487,0.499167
-704.4041,1811.9515,0.499525
-702.1862,1812.0559,0.499884
-700.0320,1812.1592,0.500244
-697.8319,1812.2665,0.500604
-695.6060,1812.3773,0.500964
-693.4205,1812.4876,0.501325
-691.2279,1812.5996,0.501687
-688.9969,1812.7134,0.502048
-686.7808,1812.8273,0.502411
-684.5423,1812.9427,0.502773
-682.3475,1813.0580,0.503136
-680.1030,1813.1760,0.503499
-677.8757,1813.2937,0.503863
-675.6396,1813.4108,0.504227
-673.4442,1813.5250,0.504591
-671.2227,1813.6386,0.504956
-668.9294,1813.7518,0.505321
-666.7323,1813.8571,0.505687
-664.4483,1813.9614,0.506053
-662.2541,1814.0575,0.506419
-659.9765,1814.1530,0.506786
-657.7250,1814.2416,0.507154
-655.4877,1814.3252,0.507521
-653.2130,1814.4050,0.507889
-650.9646,1814.4791,0.508258
-648.6896,1814.5522,0.508626
-646.4245,1814.6226,0.508995
-644.1542,1814.6899,0.509365
-641.8624,1814.7545,0.509734
-639.6114,1814.8148,0.510104
-637.3318,1814.8734,0.510475
-635.0333,1814.9291,0.510845
-632.7743,1814.9811,0.511217
-630.5088,1815.0316,0.511588
-628.2471,1815.0797,0.511960
-625.9087,1815.1299,0.512332
-623.6199,1815.1774,0.512705
-621.3209,1815.2233,0.513078
-619.0494,1815.2679,0.513452
-616.7259,1815.3140,0.513826
-614.4458,1815.3584,0.514201
-612.1429,1815.4020,0.514576
-609.8113,1815.4450,0.514951
-607.5260,1815.4863,0.515327
-605.0501,1815.5305,0.515702
-602.9050,1815.5682,0.516078
-600.6023,1815.6093,0.516454
-598.2500,1815.6514,0.516829
-596.0173,1815.6915,0.517204
-593.6964,1815.7337,0.517578
-591.4257,1815.7784,0.517952
-589.0880,1815.8256,0.518325
-586.8290,1815.8743,0.518697
-584.5347,1815.9268,0.519067
-582.2647,1815.9807,0.519437
-579.9998,1816.0375,0.519806
-577.6085,1816.1018,0.520174
-575.4974,1816.1625,0.520540
-573.2716,1816.2319,0.520906
-571.0344,1816.3075,0.521272
-568.7979,1816.3906,0.521636
-566.5331,1816.4829,0.521999
-564.3137,1816.5810,0.522361
-562.1421,1816.6839,0.522722
-559.9357,1816.7962,0.523082
-557.7374,1816.9181,0.523442
-555.5224,1817.0508,0.523800
-553.3372,1817.1911,0.524157
-551.1597,1817.3392,0.524513
-548.9905,1817.4937,0.524867
-546.6539,1817.6685,0.525220
-543.9871,1817.8793,0.525689
-541.8432,1818.0575,0.526038
-539.7190,1818.2401,0.526386
-537.6242,1818.4251,0.526733
-535.4994,1818.6191,0.527077
-533.4036,1818.8173,0.527419
-531.3207,1819.0188,0.527760
-529.2525,1819.2236,0.528098
-527.1987,1819.4337,0.528434
-525.1583,1819.6499,0.528767
-523.0909,1819.8772,0.529098
-520.4553,1820.1841,0.529534
-517.7923,1820.5219,0.529965
-515.2314,1820.8747,0.530392
-512.6366,1821.2552,0.530814
-510.1179,1821.6465,0.531231
-507.5404,1822.0717,0.531644
-505.0684,1822.5121,0.532051
-502.5908,1822.9969,0.532455
-500.1726,1823.5221,0.532855
-497.7886,1824.0997,0.533252
-495.3585,1824.7512,0.533647
-493.0067,1825.4390,0.534039
-490.7146,1826.1687,0.534428
-488.4408,1826.9559,0.534814
-486.1996,1827.7886,0.535199
-483.9770,1828.6686,0.535580
-481.7791,1829.5929,0.535958
-479.6809,1830.5133,0.536332
-477.5452,1831.4804,0.536703
-475.5429,1832.4153,0.537068
-473.5319,1833.3842,0.537427
-471.5527,1834.3753,0.537779
-469.5708,1835.4058,0.538127
-467.8083,1836.3543,0.538469
-465.9878,1837.3661,0.538806
-464.2050,1838.3828,0.539139
-462.4374,1839.4090,0.539467
-460.6990,1840.4266,0.539791
-458.9671,1841.4343,0.540110
-456.8674,1842.6296,0.540505
-454.7459,1843.7971,0.540897
-452.5855,1844.9360,0.541286
-450.4425,1846.0082,0.541675
-448.2633,1847.0447,0.542064
-446.0440,1848.0430,0.542454
-443.8191,1848.9920,0.542847
-441.5145,1849.9066,0.543242
-439.1995,1850.7636,0.543639
-437.3065,1851.4207,0.543959
-435.3854,1852.0383,0.544281
-433.4557,1852.5981,0.544604
-431.4964,1853.1057,0.544930
-429.5122,1853.5705,0.545256
-427.4866,1853.9937,0.545585
-425.5066,1854.3582,0.545914
-423.4546,1854.6797,0.546243
-421.4240,1854.9409,0.546573
-419.3929,1855.1517,0.546902
-417.3630,1855.3287,0.547229
-414.8683,1855.5163,0.547633
-412.4167,1855.6670,0.548029
-410.0175,1855.7517,0.548415
-407.7090,1855.7804,0.548792
-405.3227,1855.7467,0.549160
-403.2004,1855.6843,0.549520
-401.0240,1855.5995,0.549874
-398.8657,1855.5164,0.550223
-396.7395,1855.4513,0.550567
-394.6162,1855.4161,0.550908
-392.5085,1855.4175,0.551245
-390.4416,1855.4637,0.551580
-388.3861,1855.5533,0.551912
-386.3288,1855.6839,0.552244
-384.2791,1855.8498,0.552508
-382.2566,1856.0531,0.552902
-380.2261,1856.2980,0.553230
-378.2072,1856.5856,0.553558
-376.2124,1856.9251,0.553885
-374.2332,1857.3215,0.554211
-372.2583,1857.7845,0.554537
-370.2991,1858.3089,0.554864
-368.3467,1858.8884,0.555191
-366.4083,1859.5290,0.555518
-364.5002,1860.2487,0.555848
-362.6254,1861.0446,0.556180
-360.7324,1861.9315,0.556516
-358.8783,1862.8814,0.556856
-357.0325,1863.9086,0.557200
-355.2110,1865.0013,0.557548
-353.4500,1866.1296,0.557899
-351.6659,1867.3392,0.558252
-349.9465,1868.5767,0.558605
-348.2169,1869.9047,0.558960
-346.5375,1871.2789,0.559316
-344.8764,1872.7314,0.559672
-343.2750,1874.2274,0.560029
-341.7050,1875.7951,0.560386
-340.1976,1877.3860,0.560743
-338.7189,1879.0317,0.561098
-337.3285,1880.6688,0.561450
-335.9874,1882.3373,0.561797
-334.7386,1883.9884,0.562136
-333.5764,1885.6455,0.562462
-332.3219,1887.5911,0.562841
-331.1768,1889.5366,0.563208
-330.1371,1891.4753,0.563561
-329.2069,1893.3327,0.563903
-328.2933,1895.1746,0.564231
-327.2179,1897.1972,0.564601
-326.0395,1899.1236,0.564965
-324.7395,1900.9908,0.565326
-323.3334,1902.7854,0.565688
-321.8134,1904.5234,0.566049
-320.4074,1905.9682,0.566361
-318.8553,1907.3965,0.566675
-317.2953,1908.6664,0.566994
-315.5662,1909.9215,0.567319
-313.7656,1911.0928,0.567650
-311.8491,1912.1805,0.567988
-309.8350,1913.1309,0.568333
-307.7556,1913.9261,0.568687
-305.5634,1914.5864,0.569051
-303.2885,1915.1160,0.569423
-300.9801,1915.5583,0.569803
-298.6175,1915.9763,0.570190
-296.6109,1916.3211,0.570517
-294.5693,1916.6760,0.570849
-292.5350,1917.0391,0.571185
-290.4524,1917.4232,0.571526
-288.3472,1917.8327,0.571871
-286.1999,1918.2779,0.572220
-284.0511,1918.7589,0.572574
-281.9069,1919.2797,0.572931
-279.7285,1919.8537,0.573293
-277.5332,1920.4809,0.573658
-275.3388,1921.1654,0.574027
-273.1351,1921.9154,0.574401
-270.9194,1922.7376,0.574779
-268.6877,1923.6370,0.575162
-266.4758,1924.6010,0.575550
-264.2930,1925.6293,0.575941
-262.1103,1926.7289,0.576335
-259.9326,1927.9003,0.576736
-258.1810,1928.8979,0.577058
-256.0277,1930.1880,0.577465
-254.3261,1931.2573,0.577792
-252.6104,1932.3867,0.578122
-250.9074,1933.5617,0.578453
-249.1727,1934.8103,0.578787
-247.5604,1936.0131,0.579123
-245.9093,1937.2848,0.579461
-244.2414,1938.6099,0.579801
-242.6051,1939.9493,0.580143
-240.9643,1941.3363,0.580488
-239.3340,1942.7587,0.580835
-237.7201,1944.2104,0.581185
-236.1220,1945.6864,0.581537
-234.5326,1947.1893,0.581891
-232.9479,1948.7207,0.582248
-231.3230,1950.3195,0.582608
-229.7602,1951.8802,0.582969
-228.1880,1953.4680,0.583333
-226.6210,1955.0664,0.583698
-225.0284,1956.7038,0.584066
-223.4473,1958.3412,0.584436
-221.8340,1960.0203,0.584808
-220.2289,1961.6936,0.585181
-218.6319,1963.3589,0.585557
-217.0183,1965.0347,0.585935
-215.3607,1966.7426,0.586314
-213.7252,1968.4094,0.586694
-212.0655,1970.0771,0.587077
-210.3373,1971.7777,0.587462
-208.6247,1973.4267,0.587849
-206.8690,1975.0923,0.588237
-205.0754,1976.7515,0.588626
-203.3028,1978.3539,0.588919
-201.4776,1979.9613,0.589409
-199.6066,1981.5641,0.589804
-197.7371,1983.1368,0.590200
-195.7337,1984.7829,0.590597
-193.8450,1986.3038,0.590996
-191.9139,1987.8206,0.591397
-189.9041,1989.3468,0.591799
-187.8821,1990.8372,0.592203
-185.8418,1992.2919,0.592609
-183.7390,1993.7331,0.593016
-181.6338,1995.1209,0.593425
-179.4540,1996.4984,0.593835
-177.2295,1997.8404,0.594247
-175.0207,1999.1183,0.594661
-172.6325,2000.4576,0.595076
-170.4848,2001.6143,0.595493
-168.1792,2002.8142,0.595909
-165.8735,2003.9731,0.596326
-163.5450,2005.1097,0.596741
-161.2403,2006.2125,0.597155
-158.9451,2007.2976,0.597566
-156.6716,2008.3664,0.597975
-154.4087,2009.4322,0.598379
-152.1874,2010.4777,0.598779
-149.9932,2011.5143,0.599174
-147.8471,2012.5359,0.599563
-145.7107,2013.5602,0.599946
-143.6191,2014.5746,0.600323
-141.5707,2015.5820,0.600694
-139.4611,2016.6383,0.600968
-137.6000,2017.5915,0.601420
-135.6417,2018.6169,0.601778
-133.7091,2019.6575,0.602133
-131.8052,2020.7191,0.602485
-129.9213,2021.8079,0.602837
-128.0714,2022.9195,0.603188
-126.2318,2024.0816,0.603539
-124.4438,2025.2752,0.603890
-122.6624,2026.5300,0.604240
-120.9415,2027.8144,0.604591
-119.2346,2029.1715,0.604941
-117.5760,2030.5748,0.605291
-115.9501,2032.0367,0.605642
-114.3591,2033.5562,0.605994
-112.8306,2035.0986,0.606348
-111.3175,2036.7175,0.606702
-109.8556,2038.3817,0.607057
-108.4456,2040.0832,0.607414
-107.0641,2041.8438,0.607773
-105.7412,2043.6162,0.608134
-104.4366,2045.4520,0.608497
-103.1567,2047.3329,0.608861
-101.9286,2049.2018,0.609228
-100.7137,2051.1087,0.609595
-99.5303,2053.0166,0.609964
-98.3260,2054.9965,0.610335
-97.1525,2056.9529,0.610706
-95.9938,2058.9077,0.611079
-94.8179,2060.9129,0.611452
-93.6662,2062.9029,0.611826
-92.5255,2064.9061,0.612201
-91.4023,2066.9101,0.612574
-90.2887,2068.9332,0.612947
-89.1968,2070.9550,0.613318
-88.1432,2072.9464,0.613686
-87.0709,2075.0036,0.614051
-86.0742,2076.9307,0.614412
-85.0841,2078.8561,0.614766
-84.0933,2080.7927,0.615114
-83.1430,2082.6638,0.615454
-82.2176,2084.4917,0.615787
-81.3084,2086.2919,0.616111
-80.2137,2088.4628,0.616506
-79.1453,2090.5774,0.616889
-78.0988,2092.6436,0.617260
-77.1089,2094.5947,0.617619
-76.1090,2096.5416,0.617969
-75.1402,2098.4088,0.618312
-74.1648,2100.2584,0.618649
-73.1889,2102.0595,0.618981
-72.1845,2103.8693,0.619312
-71.1689,2105.6478,0.619641
-70.1351,2107.4023,0.619968
-69.0733,2109.1404,0.620295
-67.9804,2110.8590,0.620620
-66.8675,2112.5228,0.620945
-65.6893,2114.2020,0.621271
-64.2636,2116.1211,0.621661
-62.7464,2118.0275,0.622051
-61.2211,2119.8263,0.622442
-59.6123,2121.5876,0.622834
-57.9525,2123.2744,0.623222
-56.2470,2124.8848,0.623605
-54.4729,2126.4312,0.623983
-52.6596,2127.8728,0.624357
-50.7667,2129.2364,0.624727
-48.8101,2130.4936,0.625093
-46.8062,2131.6009,0.625456
-44.7381,2132.5602,0.625817
-42.6334,2133.3628,0.626171
-40.5089,2134.0039,0.626517
-38.3415,2134.4844,0.626856
-36.1885,2134.7814,0.627187
-34.0762,2134.8958,0.627512
-31.9862,2134.8449,0.627830
-29.9845,2134.6336,0.628139
-27.7330,2134.1862,0.628489
-25.6051,2133.5398,0.628829
-23.6655,2132.7417,0.629163
-21.8097,2131.7824,0.629489
-20.0586,2130.6612,0.629815
-18.3949,2129.3929,0.630143
-16.8068,2127.9712,0.630477
-15.2958,2126.4130,0.630819
-13.8417,2124.7203,0.631167
-12.4625,2122.9057,0.631526
-11.1531,2121.0252,0.631894
-10.0385,2119.3151,0.632219
-8.9376,2117.5612,0.632555
-7.8228,2115.7785,0.632903
-6.6877,2113.9799,0.633263
-5.5141,2112.1539,0.633633
-4.3048,2110.3151,0.634011
-3.0482,2108.4525,0.634397
-1.7091,2106.5185,0.634788
-0.3971,2104.6718,0.635184
0.9886,2102.7641,0.635583
2.4115,2100.8428,0.635986
3.6233,2099.2236,0.636324
4.8564,2097.5879,0.636664
6.1046,2095.9382,0.637006
7.3825,2094.2503,0.637350
8.6707,2092.5513,0.637697
9.9774,2090.8237,0.638046
11.2731,2089.1061,0.638399
12.6045,2087.3357,0.638754
13.9397,2085.5552,0.639114
15.2870,2083.7492,0.639477
16.6395,2081.9317,0.639843
18.0105,2080.0798,0.640214
19.3837,2078.2153,0.640588
20.7573,2076.3365,0.640965
22.1702,2074.3904,0.641347
23.6157,2072.3851,0.641732
24.9671,2070.4941,0.642121
26.3691,2068.5179,0.642513
27.7863,2066.4994,0.642909
29.2096,2064.4548,0.643310
30.6353,2062.3929,0.643714
31.7719,2060.7365,0.644041
32.9151,2059.0625,0.644370
34.0806,2057.3502,0.644701
35.2356,2055.6454,0.645035
36.4412,2053.8626,0.645371
37.5751,2052.1832,0.645709
38.7482,2050.4417,0.646050
39.9296,2048.6854,0.646392
41.1256,2046.9026,0.646737
42.3153,2045.1257,0.647084
43.5103,2043.3351,0.647433
44.7229,2041.5109,0.647784
45.9019,2039.7361,0.648138
47.1385,2037.8736,0.648494
48.3766,2036.0030,0.648852
49.6504,2034.0769,0.649212
50.8294,2032.2899,0.649574
52.0762,2030.3959,0.649939
53.3312,2028.4836,0.650306
54.5897,2026.5628,0.650674
55.8303,2024.6611,0.651045
57.0981,2022.7133,0.651418
58.3471,2020.7852,0.651793
59.6222,2018.8071,0.652170
60.8986,2016.8177,0.652549
62.1421,2014.8699,0.652930
63.4422,2012.8217,0.653312
64.6945,2010.8352,0.653697
65.9753,2008.7944,0.653987
67.2423,2006.7565,0.654472
68.5280,2004.6762,0.654861
69.7962,2002.6017,0.655252
71.0537,2000.5258,0.655645
72.3314,1998.3974,0.656040
73.5786,1996.3001,0.656437
74.8519,1994.1424,0.656834
76.1009,1991.9933,0.657234
77.3526,1989.8193,0.657635
78.5957,1987.6363,0.658037
79.8218,1985.4494,0.658441
81.0543,1983.2183,0.658847
82.2528,1981.0144,0.659254
83.4705,1978.7233,0.659663
84.6609,1976.4295,0.660073
85.8295,1974.1236,0.660484
86.9626,1971.8176,0.660897
88.0722,1969.4813,0.661311
89.1682,1967.0964,0.661728
90.2410,1964.6763,0.662146
91.2608,1962.2933,0.662566
92.2705,1959.8517,0.662987
93.0130,1957.9935,0.663304
93.9456,1955.5752,0.663729
94.6638,1953.6398,0.664048
95.3393,1951.7556,0.664368
96.2152,1949.2072,0.664797
96.8551,1947.2664,0.665119
97.6589,1944.7158,0.665551
98.2393,1942.7937,0.665876
98.8462,1940.6921,0.666202
99.5270,1938.2045,0.666638
100.0466,1936.2066,0.666966
100.5388,1934.2165,0.667295
101.0104,1932.2075,0.667625
101.4596,1930.1954,0.667955
101.8750,1928.2226,0.668287
102.2923,1926.1399,0.668508
102.6786,1924.0876,0.668953
103.0413,1922.0490,0.669287
103.3932,1919.9715,0.669622
103.7255,1917.9117,0.669958
104.0511,1915.8228,0.670294
104.3675,1913.7405,0.670632
104.6755,1911.6481,0.670970
104.9787,1909.5548,0.671310
105.2781,1907.4478,0.671650
105.5738,1905.3353,0.671992
105.8650,1903.2266,0.672334
106.1585,1901.0753,0.672678
106.4397,1898.9882,0.673022
106.7237,1896.8559,0.673368
107.0031,1894.7180,0.673714
107.2799,1892.5762,0.674061
107.5537,1890.4365,0.674409
107.8256,1888.2842,0.674758
108.0861,1886.1907,0.675108
108.3586,1883.9646,0.675459
108.6216,1881.8085,0.675810
108.8902,1879.6171,0.676163
109.1593,1877.4361,0.676517
109.4313,1875.2741,0.676871
109.7043,1873.1401,0.677226
109.9886,1870.9389,0.677583
110.2856,1868.6850,0.677940
110.5815,1866.4935,0.678298
110.8834,1864.3012,0.678657
111.1936,1862.0838,0.679017
111.5070,1859.8773,0.679377
111.8269,1857.6567,0.679739
112.1592,1855.3877,0.680101
112.4902,1853.1729,0.680465
112.8252,1850.9622,0.680828
113.1546,1848.8320,0.681192
113.5198,1846.5040,0.681557
113.8673,1844.3068,0.681922
114.2156,1842.1273,0.682289
114.5875,1839.8241,0.682655
114.9446,1837.6315,0.683023
115.3215,1835.3383,0.683392
115.6962,1833.0734,0.683762
116.0719,1830.8147,0.684132
116.4525,1828.5460,0.684504
116.8240,1826.3441,0.684876
117.2116,1824.0669,0.685248
117.6097,1821.7469,0.685622
118.0052,1819.4559,0.685996
118.4007,1817.1891,0.686371
118.8003,1814.9098,0.686747
119.2085,1812.5980,0.687124
119.6151,1810.3096,0.687501
120.0261,1808.0059,0.687879
120.4392,1805.6964,0.688258
120.8413,1803.4562,0.688638
121.2801,1801.0129,0.689018
121.6843,1798.7682,0.689399
122.1028,1796.4457,0.689781
122.5201,1794.1287,0.690164
122.9461,1791.7648,0.690547
123.3508,1789.5281,0.690931
123.7733,1787.1947,0.691316
124.2096,1784.7877,0.691702
124.6336,1782.4556,0.692088
125.0618,1780.1064,0.692475
125.4899,1777.7583,0.692863
125.9159,1775.4230,0.693251
126.3487,1773.0457,0.693639
126.7772,1770.6912,0.694028
127.2056,1768.3343,0.694418
127.6422,1765.9303,0.694808
128.0662,1763.5968,0.695198
128.5136,1761.1362,0.695589
128.9311,1758.8444,0.695981
129.3659,1756.4681,0.696374
129.8040,1754.0869,0.696766
130.2455,1751.6984,0.697160
130.6773,1749.3737,0.697554
131.1356,1746.9223,0.697949
131.5855,1744.5288,0.698344
132.0364,1742.1349,0.698740
132.4861,1739.7493,0.699136
132.9412,1737.3352,0.699533
133.3964,1734.9259,0.699930
133.8379,1732.5889,0.700328
134.3040,1730.1222,0.700727
134.7656,1727.6903,0.701126
135.2419,1725.1953,0.701526
135.6937,1722.8541,0.701926
136.1663,1720.4357,0.702326
136.6259,1718.0827,0.702728
137.1091,1715.5968,0.703129
137.5812,1713.1577,0.703531
138.0479,1710.7292,0.703934
138.5147,1708.2943,0.704336
138.9819,1705.8561,0.704740
139.4494,1703.4159,0.705143
139.9329,1700.8894,0.705547
140.3850,1698.5225,0.705952
140.8503,1696.0811,0.706357
141.3163,1693.6306,0.706762
141.7818,1691.1709,0.707168
142.2451,1688.7144,0.707574
142.7060,1686.2585,0.707981
143.1536,1683.8604,0.708388
143.6238,1681.3295,0.708795
144.0676,1678.9278,0.709203
144.5343,1676.3926,0.709611
144.9756,1673.9907,0.710019
145.4415,1671.4434,0.710428
145.8924,1668.9786,0.710838
146.3511,1666.4755,0.711247
146.8055,1663.9996,0.711657
147.2676,1661.4789,0.712068
147.7163,1659.0296,0.712479
148.1713,1656.5348,0.712890
148.6262,1654.0414,0.713301
149.0810,1651.5522,0.713713
149.5274,1649.1217,0.714126
150.0021,1646.5461,0.714539
150.4635,1644.0484,0.714952
150.9278,1641.5414,0.715366
151.3930,1639.0349,0.715780
151.8591,1636.5271,0.716194
152.3223,1634.0380,0.716609
152.7810,1631.5753,0.717024
153.2636,1628.9874,0.717440
153.7197,1626.5408,0.717856
154.2252,1623.8307,0.718272
154.6721,1621.4325,0.718689
155.1368,1618.9302,0.719106
155.6102,1616.3766,0.719523
156.0737,1613.8732,0.719941
156.5462,1611.3151,0.720359
157.0099,1608.8044,0.720778
157.4831,1606.2511,0.721196
157.9540,1603.7091,0.721616
158.4243,1601.1800,0.722035
158.8996,1598.6357,0.722455
159.3778,1596.0881,0.722876
159.8561,1593.5457,0.723296
160.3291,1591.0357,0.723717
160.8117,1588.4838,0.724138
161.2962,1585.9194,0.724559
161.7763,1583.3772,0.724980
162.2500,1580.8623,0.725402
162.7344,1578.2873,0.725823
163.2123,1575.7494,0.726245
163.6959,1573.1847,0.726667
164.1775,1570.6302,0.727090
164.6558,1568.0918,0.727513
165.1394,1565.5231,0.727935
165.6197,1562.9691,0.728359
166.0977,1560.4237,0.728782
166.5802,1557.8497,0.729206
167.0835,1555.1594,0.729630
167.5397,1552.7214,0.730054
168.0063,1550.2233,0.730478
168.4971,1547.5940,0.730903
168.9710,1545.0507,0.731328
169.4533,1542.4589,0.731753
169.9310,1539.8887,0.732178
170.4098,1537.3060,0.732603
170.8827,1534.7457,0.733029
171.3563,1532.1684,0.733455
171.8276,1529.5934,0.733881
172.2965,1527.0097,0.734307
172.7591,1524.4362,0.734733
173.2171,1521.8569,0.735160
173.6607,1519.3454,0.735587
174.1334,1516.6533,0.736013
174.5780,1514.1047,0.736440
175.0268,1511.5227,0.736868
175.4713,1508.9555,0.737295
175.9215,1506.3562,0.737722
176.3734,1503.7603,0.738150
176.8237,1501.1652,0.738577
177.2691,1498.5857,0.739004
177.7102,1496.0111,0.739432
178.1377,1493.4840,0.739859
178.5852,1490.8164,0.740286
179.0176,1488.2253,0.740714
179.4479,1485.6320,0.741141
179.8752,1483.0429,0.741569
180.3057,1480.4467,0.741997
180.7366,1477.8513,0.742424
181.1651,1475.2656,0.742851
181.5814,1472.7454,0.743279
182.0230,1470.0800,0.743706
182.4506,1467.5067,0.744134
182.8844,1464.8923,0.744561
183.3142,1462.3079,0.744989
183.7449,1459.7164,0.745416
184.1761,1457.1209,0.745843
184.6101,1454.5257,0.746270
185.0456,1451.9444,0.746697
185.4849,1449.3506,0.747124
185.9236,1446.7645,0.747550
186.3618,1444.1834,0.747977
186.7886,1441.6683,0.748403
187.2665,1438.8627,0.748829
187.6836,1436.4269,0.749255
188.1286,1433.8383,0.749681
188.5679,1431.2854,0.750107
189.0175,1428.6770,0.750532
189.4611,1426.0975,0.750958
189.9037,1423.5174,0.751383
190.3465,1420.9368,0.751808
190.7878,1418.3611,0.752234
191.2207,1415.8340,0.752659
191.6713,1413.2046,0.753083
192.1060,1410.6755,0.753508
192.5498,1408.1000,0.753933
192.9923,1405.5301,0.754358
193.4389,1402.9378,0.754782
193.8823,1400.3631,0.755207
194.3258,1397.7837,0.755631
194.7639,1395.2328,0.756056
195.2109,1392.6355,0.756480
195.6621,1390.0198,0.756905
196.0980,1387.4962,0.757330
196.5460,1384.9132,0.757754
196.9905,1382.3538,0.758179
197.4382,1379.7733,0.758604
197.8863,1377.1905,0.759028
198.3319,1374.6255,0.759453
198.7787,1372.0635,0.759878
199.2296,1369.4856,0.760303
199.6803,1366.9151,0.760727
200.1318,1364.3537,0.761153
200.6040,1361.6871,0.761578
201.0563,1359.1434,0.762003
201.5075,1356.6218,0.762428
201.9728,1354.0443,0.762854
202.4425,1351.4623,0.763279
202.9385,1348.7490,0.763705
203.3767,1346.3491,0.764130
203.8485,1343.7581,0.764556
204.3185,1341.1840,0.764982
204.7893,1338.6086,0.765408
205.2608,1336.0286,0.765834
205.7330,1333.4498,0.766260
206.2037,1330.8746,0.766686
206.6716,1328.3039,0.767112
207.1396,1325.7193,0.767539
207.6213,1323.0465,0.767966
208.0684,1320.5590,0.768392
208.5316,1317.9779,0.768819
208.9946,1315.3957,0.769247
209.4564,1312.8111,0.769674
209.9212,1310.2119,0.770102
210.3851,1307.6253,0.770529
210.8501,1305.0292,0.770957
211.3110,1302.4519,0.771385
211.7741,1299.8545,0.771814
212.2343,1297.2642,0.772242
212.6940,1294.6716,0.772671
213.1671,1291.9983,0.773099
213.6066,1289.5039,0.773529
214.0685,1286.8793,0.773958
214.5234,1284.2869,0.774387
214.9806,1281.6807,0.774817
215.4579,1278.9651,0.775247
215.8960,1276.4725,0.775677
216.3570,1273.8536,0.776108
216.8135,1271.2604,0.776539
217.2689,1268.6732,0.776970
217.7554,1265.9036,0.777401
218.1912,1263.4183,0.777832
218.6454,1260.8102,0.778263
219.0926,1258.2234,0.778695
219.5478,1255.5770,0.779127
219.9983,1252.9568,0.779559
220.4698,1250.2093,0.779992
220.8969,1247.7113,0.780424
221.3427,1245.0925,0.780857
221.7860,1242.4740,0.781290
222.2290,1239.8440,0.781723
222.6649,1237.2454,0.782157
223.1103,1234.5825,0.782591
223.5502,1231.9506,0.783025
223.9901,1229.3191,0.783459
224.4231,1226.7236,0.783893
224.8692,1224.0424,0.784328
225.3035,1221.4257,0.784763
225.7429,1218.7663,0.785198
226.1791,1216.1175,0.785634
226.6118,1213.4764,0.786069
227.0398,1210.8506,0.786505
227.4719,1208.1791,0.786941
227.8994,1205.5361,0.787377
228.3306,1202.8770,0.787814
228.7588,1200.2386,0.788250
229.1907,1197.5715,0.788688
229.6189,1194.9321,0.789125
230.0863,1192.0601,0.789563
230.4913,1189.5774,0.790001
230.9244,1186.9238,0.790439
231.3592,1184.2599,0.790878
231.7898,1181.6154,0.791317
232.2259,1178.9209,0.791756
232.6546,1176.2464,0.792195
233.0780,1173.5816,0.792635
233.5064,1170.8680,0.793075
233.9166,1168.2241,0.793515
234.3273,1165.5558,0.793955
234.7375,1162.8712,0.794396
235.1376,1160.2004,0.794836
235.5316,1157.5174,0.795277
235.9292,1154.8110,0.795719
236.3246,1152.1666,0.796161
236.7360,1149.4531,0.796603
237.1472,1146.7334,0.797046
237.5485,1144.0459,0.797488
237.9437,1141.3590,0.797931
238.3608,1138.4849,0.798375
238.7212,1135.9626,0.798818
239.0977,1133.2839,0.799261
239.4763,1130.5608,0.799705
239.8555,1127.8227,0.800150
240.2312,1125.1221,0.800594
240.6065,1122.4311,0.801039
240.9869,1119.7123,0.801484
241.3708,1116.9784,0.801929
241.7532,1114.2645,0.802375
242.1381,1111.5433,0.802820
242.5303,1108.7767,0.803266
242.9094,1106.1110,0.803713
243.2998,1103.3874,0.804159
243.6920,1100.6729,0.804606
244.0891,1097.9479,0.805053
244.4924,1095.2180,0.805501
244.8985,1092.4968,0.805948
245.3096,1089.7690,0.806396
245.7222,1087.0457,0.806845
246.1359,1084.3230,0.807293
246.5532,1081.5864,0.807742
246.9721,1078.8553,0.808191
247.3913,1076.1485,0.808640
247.8223,1073.3830,0.809090
248.2588,1070.6017,0.809539
248.6833,1067.9151,0.809990
249.1119,1065.2198,0.810440
249.4351,1063.1921,0.810740
249.8421,1060.6501,0.811191
250.2829,1057.9043,0.811642
250.7366,1055.0890,0.812093
251.1833,1052.3244,0.812545
251.6181,1049.6366,0.812996
252.0896,1046.7234,0.813448
252.5134,1044.1111,0.813900
252.9597,1041.3687,0.814353
253.4058,1038.6332,0.814806
253.8615,1035.8582,0.815259
254.1888,1033.8743,0.815561
254.6137,1031.3070,0.816014
255.0741,1028.5337,0.816468
255.5326,1025.7757,0.816922
255.9930,1023.0095,0.817376
256.4569,1020.2218,0.817831
256.9072,1017.5153,0.818286
257.3711,1014.7229,0.818741
257.8300,1011.9604,0.819196
258.2869,1009.2002,0.819652
258.6230,1007.1731,0.819956
259.0485,1004.5998,0.820412
259.5080,1001.8280,0.820868
259.9663,999.0564,0.821325
260.4238,996.2780,0.821781
260.7584,994.2297,0.822086
261.1821,991.6233,0.822543
261.6311,988.8415,0.823001
262.0761,986.0596,0.823458
262.5158,983.2792,0.823916
262.9741,980.3464,0.824374
263.3772,977.7348,0.824832
263.8016,974.9519,0.825291
264.2253,972.1400,0.825749
264.6428,969.3388,0.826208
265.0542,966.5541,0.826667
265.4612,963.7895,0.827126
265.8692,961.0138,0.827585
266.2852,958.1871,0.828044
266.6986,955.3862,0.828504
267.1241,952.5081,0.828963
267.5286,949.7768,0.829423
267.9397,947.0108,0.829882
268.3631,944.1953,0.830342
268.7926,941.3846,0.830802
269.2369,938.5435,0.831262
269.6690,935.8285,0.831722
270.1377,932.8858,0.832182
270.5629,930.1781,0.832641
270.9998,927.3810,0.833101
271.4429,924.5759,0.833561
271.8928,921.8038,0.834020
272.3658,919.0038,0.834480
272.8532,916.2499,0.834939
273.3899,913.3728,0.835398
273.9265,910.6434,0.835857
274.4981,907.8754,0.836315
275.0940,905.1156,0.836774
275.7206,902.3292,0.837232
276.3650,899.5653,0.837690
277.0345,896.8180,0.838147
277.7682,893.9564,0.838605
278.4774,891.3308,0.839063
279.2408,888.6323,0.839520
280.0519,885.8679,0.839978
280.8734,883.1757,0.840435
281.7415,880.4590,0.840892
282.6291,877.7999,0.841349
283.5669,875.0977,0.841806
284.5253,872.4397,0.842263
285.5186,869.7819,0.842720
286.5265,867.1678,0.843176
287.5668,864.5404,0.843633
288.6315,861.9088,0.844089
289.6965,859.3312,0.844546
290.8106,856.6944,0.845002
291.9214,854.1292,0.845459
293.0905,851.4885,0.845916
294.2515,848.9123,0.846374
295.4307,846.3473,0.846832
296.6957,843.6478,0.847290
297.8418,841.2392,0.847748
299.0643,838.7004,0.848206
300.3055,836.1434,0.848665
301.5518,833.5874,0.849123
302.7986,831.0441,0.849582
304.0487,828.5050,0.850041
305.2832,826.0038,0.850500
306.2266,824.1017,0.850806
307.4175,821.7148,0.851265
308.6977,819.1696,0.851725
309.9948,816.6130,0.852185
311.2716,814.1126,0.852646
312.5799,811.5608,0.853107
313.8790,809.0334,0.853568
315.1604,806.5497,0.854029
316.4861,803.9973,0.854491
317.8209,801.4490,0.854953
319.1395,798.9494,0.855415
320.4951,796.3987,0.855878
321.8430,793.8819,0.856341
323.2001,791.3719,0.856805
324.1658,789.5992,0.857114
325.4812,787.2016,0.857577
326.8490,784.7224,0.858042
328.2464,782.1955,0.858506
329.6524,779.6524,0.858971
331.0158,777.1818,0.859435
332.3981,774.6715,0.859899
333.7955,772.1300,0.860363
335.1374,769.6911,0.860826
336.5455,767.1393,0.861289
337.9166,764.6592,0.861750
339.2629,762.2267,0.862210
340.6271,759.7631,0.862668
341.9733,757.3351,0.863124
343.3253,754.9009,0.863577
344.7077,752.4169,0.864027
346.0090,750.0835,0.864474
347.3432,747.6964,0.864917
348.6489,745.3662,0.865356
349.9671,743.0218,0.865790
351.2437,740.7589,0.866220
352.5490,738.4549,0.866646
353.8409,736.1849,0.867066
355.0795,734.0166,0.867481
356.3249,731.8378,0.867891
357.5698,729.6632,0.868296
358.7766,727.5621,0.868695
360.0144,725.4137,0.869089
361.1819,723.3952,0.869476
362.3767,721.3310,0.869858
363.6349,719.1565,0.870234
364.6411,717.4179,0.870605
365.7882,715.4368,0.870970
366.8742,713.5618,0.871330
367.9783,711.6528,0.871684
369.0517,709.7929,0.872033
370.0744,708.0198,0.872376
371.1070,706.2301,0.872714
372.1489,704.4266,0.873046
373.4711,702.1410,0.873480
374.5161,700.3347,0.873801
375.7478,698.1988,0.874223
377.0164,695.9822,0.874640
378.2772,693.7679,0.875053
379.5303,691.5642,0.875464
380.7770,689.3714,0.875873
382.0766,687.0854,0.876281
383.2303,685.0530,0.876687
384.4601,682.8832,0.877091
385.6674,680.7405,0.877492
386.8555,678.6239,0.877889
388.0325,676.5109,0.878281
389.1853,674.4078,0.878668
390.2710,672.3796,0.879049
391.3416,670.3234,0.879425
392.3684,668.2865,0.879795
393.3430,666.2794,0.880160
394.2760,664.2941,0.880518
395.1649,662.3313,0.880870
396.0375,660.3180,0.881216
396.8077,658.4661,0.881555
397.5676,656.5598,0.881888
398.2868,654.6705,0.882217
399.1533,652.2731,0.882621
399.9170,650.0468,0.883021
400.6870,647.6945,0.883419
401.3953,645.4416,0.883814
402.0788,643.1626,0.884207
402.7271,640.8709,0.884604
403.3213,638.6172,0.884999
403.8722,636.3436,0.885391
404.3611,634.1078,0.885779
404.7886,631.8821,0.886164
405.1518,629.6448,0.886547
405.4487,627.3952,0.886929
405.6648,625.2107,0.887308
405.8067,623.0128,0.887685
405.8713,620.8122,0.888059
405.8337,618.5921,0.888429
405.7015,616.5097,0.888792
405.4761,614.4012,0.889148
405.1308,612.2861,0.889496
404.6587,610.2258,0.889838
404.1033,608.1893,0.890176
403.5102,606.1602,0.890510
402.8397,604.1595,0.890843
402.0510,602.1668,0.891174
401.1892,600.2516,0.891505
400.2888,598.4394,0.891836
399.2680,596.5888,0.892167
398.1957,594.8093,0.892497
397.0598,593.0649,0.892829
395.8721,591.3502,0.893163
394.6246,589.6427,0.893500
393.3403,587.9556,0.893840
391.9757,586.2166,0.894184
390.6901,584.6078,0.894530
389.3411,582.9325,0.894881
387.9662,581.2329,0.895235
386.5972,579.5437,0.895593
385.2224,577.8469,0.895954
383.8258,576.1170,0.896320
382.4284,574.3738,0.896687
381.0577,572.6444,0.897056
379.6684,570.8634,0.897426
378.2910,569.0636,0.897798
376.9430,567.2585,0.898171
375.5871,565.3863,0.898546
374.2393,563.4575,0.898923
372.9992,561.6095,0.899302
371.7351,559.6408,0.899682
370.5286,557.6642,0.900065
369.3433,555.6148,0.900449
368.2154,553.5531,0.900836
367.1183,551.4322,0.901225
366.0807,549.3081,0.901616
365.0303,547.0059,0.902009
364.1322,544.8902,0.902403
363.2248,542.6016,0.902800
362.3895,540.3508,0.903197
361.5741,538.0066,0.903597
360.8156,535.6784,0.903999
360.0854,533.2800,0.904403
359.4040,530.8776,0.904809
358.7572,528.4085,0.905218
358.1831,526.0107,0.905629
357.7491,524.0532,0.905960
357.3341,522.0557,0.906292
356.9459,520.0454,0.906625
356.5856,518.0059,0.906959
356.2602,515.9651,0.907295
355.9667,513.9031,0.907632
355.7104,511.8517,0.907970
355.4853,509.7745,0.908309
355.2935,507.6832,0.908650
355.1340,505.5849,0.908993
355.0042,503.4793,0.909336
354.9028,501.3414,0.909681
354.8321,499.2251,0.910028
354.7899,497.0598,0.910376
354.7751,494.8315,0.910726
354.7882,492.7667,0.911077
354.8285,490.5710,0.911431
354.8931,488.3910,0.911785
354.9780,486.2231,0.912142
355.0828,484.0327,0.912500
355.2100,481.7849,0.912860
355.3523,479.6083,0.913221
355.5184,477.3615,0.913583
355.6999,475.1397,0.913947
355.8982,472.9097,0.914313
356.1128,470.6638,0.914680
356.3438,468.3821,0.915049
356.5918,466.0777,0.915419
356.8411,463.8817,0.915790
357.1150,461.5874,0.916163
357.3993,459.3164,0.916537
357.6996,457.0235,0.916913
358.0137,454.7227,0.917291
358.3398,452.4209,0.917669
358.6745,450.1290,0.918050
359.0243,447.8110,0.918431
359.3868,445.4781,0.918814
359.7524,443.1850,0.919198
360.1439,440.8018,0.919583
360.5388,438.4677,0.919970
360.9495,436.1076,0.920357
361.3800,433.7020,0.920747
361.7993,431.4120,0.921137
362.2440,429.0359,0.921529
362.7020,426.6344,0.921922
363.1547,424.2991,0.922316
363.6280,421.8850,0.922711
364.0988,419.5125,0.923108
364.5809,417.1046,0.923506
365.0669,414.6993,0.923905
365.5609,412.2761,0.924305
366.0567,409.8607,0.924707
366.5571,407.4455,0.925110
367.0683,404.9908,0.925514
367.5719,402.5842,0.925919
368.0891,400.1139,0.926326
368.6006,397.6809,0.926734
369.1244,395.2037,0.927143
369.6485,392.7295,0.927554
370.1664,390.2920,0.927965
370.7018,387.7870,0.928378
371.2387,385.2832,0.928792
371.7690,382.8185,0.929207
372.3296,380.2272,0.929623
372.8623,377.7699,0.930041
373.4017,375.2918,0.930459
373.9541,372.7654,0.930878
374.5034,370.2563,0.931299
375.0617,367.7211,0.931721
375.6295,365.1596,0.932144
376.1941,362.6243,0.932569
376.7724,360.0354,0.932994
377.2148,358.0583,0.933314
377.7706,355.5803,0.933741
378.3487,352.9970,0.934169
378.8049,350.9583,0.934492
379.3601,348.4644,0.934922
379.9282,345.8873,0.935354
380.4952,343.2741,0.935787
381.0421,340.7041,0.936221
381.4569,338.7107,0.936548
381.9908,336.0830,0.936984
382.3823,334.1111,0.937313
382.7642,332.1458,0.937641
383.1420,330.1409,0.937971
383.5132,328.1150,0.938301
383.8677,326.1459,0.938632
384.2190,324.1382,0.938963
384.5665,322.0839,0.939296
384.8943,320.0878,0.939629
385.2183,318.0512,0.939962
385.5336,315.9911,0.940296
385.8328,313.9630,0.940631
386.1210,311.9567,0.940965
386.4085,309.8996,0.941300
386.6888,307.8376,0.941634
386.9573,305.8151,0.941967
387.2165,303.8015,0.942299
387.4720,301.7556,0.942630
387.7919,299.1050,0.943068
388.0295,297.0570,0.943395
388.3237,294.4151,0.943827
388.6050,291.8020,0.944255
388.8705,289.2000,0.944678
389.1221,286.6071,0.945096
389.3661,283.9825,0.945508
389.5757,281.6149,0.945915
389.7801,279.1599,0.946315
389.9694,276.7238,0.946710
390.1450,274.2757,0.947099
390.2998,271.9481,0.947482
390.4362,269.6170,0.947858
390.5492,267.3174,0.948229
390.6453,265.0286,0.948596
390.7327,262.7589,0.948960
390.8190,260.5020,0.949323
390.9119,258.2391,0.949686
391.0143,256.0143,0.950049
391.1350,253.7318,0.950414
391.2736,251.4611,0.950779
391.4312,249.2085,0.951145
391.6139,246.9236,0.951512
391.8142,244.6938,0.951877
392.0416,242.4267,0.952241
392.2846,240.2222,0.952602
392.5531,238.0295,0.952959
392.8419,235.8797,0.953313
393.1550,233.7274,0.953662
393.4822,231.6243,0.954006
393.8213,229.5837,0.954344
394.1916,227.5116,0.954677
394.6472,225.1254,0.955083
395.1294,222.7458,0.955480
395.6218,220.4228,0.955866
396.1198,218.1625,0.956243
396.6040,215.9695,0.956611
397.0698,213.8062,0.956971
397.4997,211.6775,0.957324
397.8993,209.5253,0.957669
398.2360,207.5102,0.958011
398.5441,205.4651,0.958350
398.8294,203.3799,0.958689
399.0911,201.2975,0.959028
399.3294,199.2031,0.959370
399.5561,197.0761,0.959713
399.7656,194.9584,0.960059
399.9698,192.7396,0.960407
400.1478,190.6689,0.960757
400.3245,188.4854,0.961110
400.4918,186.2872,0.961465
400.6507,184.0858,0.961823
400.8093,181.8566,0.962182
400.9618,179.6226,0.962542
401.1171,177.3202,0.962904
401.2626,175.1689,0.963265
401.4174,172.9174,0.963626
401.5733,170.7202,0.963985
401.7368,168.5196,0.964341
401.9041,166.3481,0.964691
402.0700,164.2342,0.965035
402.2346,162.1537,0.965372
402.3988,160.1357,0.965699
402.5917,157.7845,0.966078
402.7753,155.4820,0.966441
402.9395,153.4157,0.966787
403.1023,151.3851,0.967116
403.2746,149.1578,0.967477
403.4258,147.0564,0.967818
403.5560,144.9980,0.968149
403.6786,142.6691,0.968518
403.7729,140.5214,0.968876
403.8456,138.4025,0.969221
403.8831,136.3771,0.969552
403.8898,134.2040,0.969908
403.8481,132.1169,0.970246
403.7400,129.9244,0.970605
403.5612,127.7587,0.970955
403.3022,125.6773,0.971296
402.9411,123.6155,0.971622
402.4338,121.5417,0.971961
401.7662,119.5618,0.972274
400.9256,117.7441,0.972553
399.7826,115.9251,0.972827
398.5248,114.3479,0.973062
397.0746,112.8237,0.973300
395.4736,111.3048,0.973542
393.9245,109.9043,0.973783
392.3060,108.4544,0.974048
390.6971,106.9646,0.974354
389.2796,105.5501,0.974668
387.7916,103.9237,0.975086
386.3885,102.2201,0.975616
385.0978,100.4844,0.976336
383.8954,98.7612,0.983409
382.6774,96.9462,0.983977
381.5171,95.2524,0.984457
380.2653,93.5939,0.984926
378.8337,92.0214,0.985400
377.2549,90.6317,0.985861
375.5060,89.3653,0.986326
373.7477,88.2682,0.986764
371.8504,87.1861,0.987210
370.0117,86.1904,0.987630
368.0992,85.1922,0.988060
366.1585,84.1854,0.988489
364.2381,83.2004,0.988905
362.3840,82.2441,0.989298
360.4951,81.2712,0.989692
358.6279,80.2967,0.990077
356.7672,79.2740,0.990452
354.9858,78.2360,0.990808
353.2030,77.1120,0.991161
351.4569,75.8914,0.991506
349.8757,74.6494,0.991814
348.2782,73.2789,0.992136
346.6967,71.8147,0.992446
345.2402,70.4384,0.992733
343.7545,69.0545,0.993023
342.2044,67.6462,0.993324
340.5759,66.2292,0.993637
338.9739,64.9389,0.993940
337.2604,63.6833,0.994261
335.5617,62.5866,0.994571
333.7483,61.5550,0.994897
331.8373,60.5853,0.995237
329.8535,59.6624,0.995583
327.8480,58.7803,0.995933
325.9980,58.0066,0.996252
323.9650,57.1957,0.996603
321.9151,56.4146,0.996953
319.8670,55.6660,0.997303
317.7896,54.9345,0.997653
315.7377,54.2347,0.998001
313.6806,53.5501,0.998352
311.6359,52.8923,0.998700
309.6272,52.2713,0.999047
307.6125,51.6716,0.999392
305.5566,51.0868,0.999737
