45.4712,-5.9932,0.041968
47.5407,-6.2950,0.042456
49.5996,-6.5927,0.042944
51.6455,-6.8967,0.043433
53.7137,-7.2031,0.043923
55.7795,-7.5124,0.044430
57.9057,-7.8362,0.044959
60.0870,-8.1670,0.045506
62.0770,-8.4680,0.046008
64.1493,-8.7757,0.046526
66.2426,-9.0756,0.047061
68.4463,-9.3709,0.047613
70.6449,-9.6435,0.048184
72.9096,-9.8911,0.048775
74.9560,-10.0828,0.049309
77.0664,-10.2411,0.049859
79.2258,-10.3553,0.050425
81.4306,-10.4129,0.051009
83.6902,-10.4070,0.051610
85.9887,-10.3269,0.052230
88.0717,-10.1928,0.052776
90.4372,-9.9717,0.053423
92.4493,-9.7257,0.053978
94.5425,-9.4124,0.054541
96.7059,-9.0283,0.055111
98.8110,-8.5889,0.055689
100.9637,-8.0695,0.056274
103.1445,-7.4748,0.056868
105.3413,-6.8001,0.057469
107.5109,-6.0582,0.058078
109.7312,-5.2213,0.058695
111.9725,-4.2953,0.059321
114.1067,-3.3334,0.059955
115.9331,-2.4476,0.060489
117.7641,-1.4999,0.061031
119.6239,-0.4780,0.061578
121.3709,0.5415,0.062136
123.1510,1.6383,0.062745
124.9586,2.8131,0.063380
126.7139,4.0189,0.064024
128.4604,5.2802,0.064680
130.1885,6.5928,0.065349
131.9282,7.9815,0.066035
133.6089,9.3849,0.066741
135.2852,10.8486,0.067469
136.9478,12.3624,0.068223
138.5859,13.9149,0.069007
140.2058,15.5111,0.069821
141.8194,17.1609,0.070666
143.3722,18.8086,0.071468
144.9484,20.5308,0.072219
146.4866,22.2549,0.072933
147.9989,23.9895,0.073614
149.5308,25.7818,0.074266
151.0626,27.6060,0.074895
152.5722,29.4267,0.075503
154.0855,31.2714,0.076094
155.6138,33.1500,0.076673
157.1324,35.0302,0.077242
158.6652,36.9394,0.077804
160.2089,38.8788,0.078361
161.4491,40.4492,0.078802
162.9784,42.4060,0.079356
164.2017,43.9891,0.079804
165.4314,45.5997,0.080255
166.6705,47.2430,0.080711
167.8918,48.8835,0.081172
169.1183,50.5541,0.081637
170.3584,52.2672,0.082107
171.5679,53.9556,0.082582
172.8061,55.7107,0.083061
174.0029,57.4274,0.083544
175.2277,59.2061,0.084032
176.4443,61.0023,0.084525
177.6729,62.8341,0.085023
178.8664,64.6413,0.085525
180.0854,66.5104,0.086032
181.2804,68.3755,0.086543
182.4809,70.2742,0.087059
183.6998,72.2287,0.087580
184.8827,74.1570,0.088105
186.0644,76.1086,0.088635
187.2485,78.0980,0.089170
188.4335,80.1148,0.089711
189.6084,82.1464,0.090258
190.8011,84.2439,0.090808
191.9472,86.2921,0.091363
193.0997,88.3782,0.091922
194.2535,90.4958,0.092485
195.4169,92.6642,0.093052
196.5568,94.8173,0.093624
197.7062,97.0213,0.094201
198.8353,99.2187,0.094782
199.9745,101.4610,0.095368
201.1078,103.7233,0.095959
202.2487,106.0359,0.096555
203.3811,108.3659,0.097155
204.4911,110.6757,0.097760
205.3526,112.4883,0.098216
206.4538,114.8359,0.098829
207.5572,117.2171,0.099447
208.6700,119.6417,0.100069
209.5099,121.4940,0.100538
210.3319,123.3241,0.101010
211.1577,125.1732,0.101484
211.9872,127.0452,0.101961
212.8178,128.9347,0.102438
213.6283,130.7962,0.102915
214.4268,132.6411,0.103393
215.2555,134.5572,0.103874
216.0797,136.4648,0.104358
216.9173,138.4077,0.104844
217.7223,140.2801,0.105332
218.5598,142.2280,0.105823
219.3950,144.1633,0.106317
220.2449,146.1126,0.106813
221.1077,148.0867,0.107312
221.9807,150.0562,0.107814
222.8531,152.0021,0.108318
223.7542,153.9967,0.108826
224.6534,155.9617,0.109335
225.5721,157.9484,0.109848
226.5028,159.9458,0.110362
227.4626,161.9901,0.110879
228.3975,163.9679,0.111399
229.3873,166.0581,0.111921
230.2890,167.9650,0.112445
231.2677,170.0440,0.112971
232.2030,172.0432,0.113500
233.1919,174.1763,0.114030
234.1352,176.2352,0.114561
235.0835,178.3335,0.115094
236.0200,180.4350,0.115630
236.9136,182.4658,0.116167
237.8421,184.6013,0.116706
238.7823,186.7905,0.117247
239.6967,188.9416,0.117791
240.6149,191.1245,0.118336
241.5158,193.2872,0.118883
242.3775,195.3739,0.119433
243.2915,197.6042,0.119984
244.2144,199.8729,0.120537
245.0952,202.0497,0.121092
245.9478,204.1735,0.121649
246.8640,206.4718,0.122208
247.7316,208.6608,0.122768
248.6245,210.9191,0.123330
249.5135,213.1753,0.123893
250.4026,215.4394,0.124458
251.2827,217.6800,0.125025
252.1723,219.9397,0.125593
253.0781,222.2338,0.126162
253.9407,224.4091,0.126732
254.8699,226.7461,0.127302
255.7593,228.9831,0.127870
256.6498,231.2243,0.128437
257.5438,233.4886,0.128999
258.4130,235.7149,0.129557
259.2672,237.9250,0.130108
260.0877,240.0702,0.130652
260.8856,242.1917,0.131189
261.6800,244.3595,0.131721
262.4346,246.4793,0.132247
263.1612,248.5837,0.132768
263.8565,250.6579,0.133285
264.5383,252.7671,0.133798
265.1591,254.7614,0.134307
265.7971,256.9038,0.134812
266.3883,258.9790,0.135314
266.9461,261.0283,0.135814
267.4825,263.0921,0.136311
267.9933,265.1398,0.136807
268.4877,267.2013,0.137301
268.9600,269.2528,0.137794
269.4058,271.2907,0.138287
269.8319,273.3430,0.138780
270.2394,275.4095,0.139272
270.6287,277.4852,0.139765
270.9929,279.5348,0.140259
271.3596,281.7177,0.140752
271.7838,284.3911,0.141411
272.0969,286.4505,0.141905
272.4102,288.5775,0.142398
272.7078,290.6311,0.142890
273.0013,292.6900,0.143380
273.2882,294.7566,0.143869
273.5692,296.8416,0.144357
273.8397,298.8961,0.144842
274.1041,300.9612,0.145324
274.3559,302.9586,0.145803
274.6070,304.9791,0.146279
274.8501,306.9764,0.146752
275.0927,309.0010,0.147222
275.4024,311.6454,0.147845
275.7044,314.2981,0.148465
275.9912,316.8970,0.149081
276.2714,319.5058,0.149694
276.5464,322.1310,0.150304
276.8117,324.7506,0.150913
277.0611,327.3117,0.151518
277.3069,329.9082,0.152118
277.5372,332.4294,0.152714
277.7613,334.9365,0.153303
277.9851,337.4478,0.153885
278.2035,339.8984,0.154459
278.4177,342.3175,0.155025
278.6345,344.7168,0.155586
278.8514,347.0798,0.156141
279.0730,349.4582,0.156692
279.2913,351.7660,0.157239
279.5115,354.0734,0.157780
279.7315,356.3434,0.158313
279.9582,358.5931,0.158840
280.2098,360.9485,0.159359
280.4408,363.0031,0.159873
280.6992,365.1881,0.160381
280.9693,367.3333,0.160884
281.2493,369.4271,0.161384
281.5495,371.5678,0.161880
281.8538,373.6331,0.162374
282.1773,375.7322,0.162866
282.5066,377.7891,0.163356
282.8472,379.8182,0.163842
283.2038,381.8242,0.164327
283.5885,383.8593,0.164809
284.0012,385.9211,0.165289
284.5068,388.2907,0.165888
284.9494,390.2482,0.166367
285.5430,392.7002,0.166965
286.0504,394.6455,0.167443
286.7269,397.0492,0.168042
287.3197,398.9916,0.168523
287.9631,400.9440,0.169005
288.7829,403.2617,0.169607
289.6800,405.6101,0.170210
290.4745,407.5487,0.170693
291.4695,409.8355,0.171299
292.3317,411.7116,0.171786
293.2208,413.5522,0.172275
294.1737,415.4423,0.172766
295.1477,417.2796,0.173261
296.1740,419.1198,0.173758
297.2508,420.9612,0.174259
298.3767,422.7856,0.174764
299.5406,424.5861,0.175272
300.7803,426.4236,0.175784
302.0404,428.2190,0.176300
303.3263,429.9794,0.176820
304.6590,431.7236,0.177344
306.0566,433.4699,0.177871
307.4736,435.1606,0.178397
308.9024,436.7898,0.178921
310.3982,438.4169,0.179442
311.9365,440.0094,0.179960
313.4818,441.5133,0.180473
315.0582,442.9496,0.180982
316.6751,444.3463,0.181488
318.3365,445.7007,0.181989
320.0239,446.9707,0.182487
321.6963,448.1492,0.182983
323.4495,449.3122,0.183476
325.2265,450.4106,0.183969
327.0049,451.4422,0.184461
328.7952,452.4036,0.184953
330.6245,453.3321,0.185446
332.4525,454.2107,0.185940
334.3682,455.0607,0.186435
336.2455,455.8304,0.186930
338.1540,456.5597,0.187424
340.1190,457.2563,0.187918
342.0749,457.8993,0.188412
344.0889,458.5112,0.188906
346.0783,459.0570,0.189400
348.0721,459.5488,0.189895
350.1191,460.0011,0.190391
352.2044,460.4179,0.190888
354.3794,460.7974,0.191386
356.4060,461.0956,0.191886
358.4981,461.3603,0.192388
360.6039,461.5783,0.192893
362.7307,461.7462,0.193401
364.8963,461.8653,0.193912
367.0736,461.9274,0.194426
369.2436,461.9307,0.194944
371.4610,461.8743,0.195465
373.7303,461.7508,0.195989
375.8753,461.5729,0.196513
378.1028,461.3313,0.197040
380.3273,461.0246,0.197569
382.5642,460.6681,0.198102
384.8162,460.2648,0.198638
387.0793,459.8170,0.199178
389.3727,459.3270,0.199720
391.6246,458.8166,0.200267
393.8992,458.2738,0.200818
396.1732,457.6996,0.201373
398.4906,457.0790,0.201933
400.8077,456.4223,0.202499
403.1857,455.7154,0.203070
405.4750,455.0045,0.203647
407.8506,454.2383,0.204229
410.2197,453.4446,0.204818
412.6314,452.6114,0.205412
415.0075,451.7750,0.206011
417.4325,450.8972,0.206614
419.8534,450.0012,0.207222
422.3186,449.0566,0.207835
424.7472,448.1028,0.208453
426.6061,447.3618,0.208920
428.4601,446.6092,0.209389
430.3216,445.8433,0.209861
432.1800,445.0661,0.210336
434.0430,444.2777,0.210810
435.9144,443.4811,0.211284
437.7836,442.6680,0.211761
439.6519,441.8407,0.212240
441.5212,441.0024,0.212722
443.3866,440.1545,0.213207
445.3002,439.2765,0.213694
447.2492,438.3738,0.214183
449.1168,437.5017,0.214675
451.0303,436.6027,0.215169
452.9345,435.7032,0.215666
454.9290,434.7591,0.216166
456.8328,433.8573,0.216668
458.7716,432.9384,0.217172
460.7317,432.0080,0.217678
462.7144,431.0628,0.218187
464.6940,430.1210,0.218699
466.6834,429.1759,0.219213
468.6560,428.2332,0.219729
470.6897,427.2635,0.220247
472.7139,426.3000,0.220768
474.7415,425.3340,0.221291
476.7750,424.3649,0.221817
478.8222,423.3903,0.222345
480.8664,422.4165,0.222874
482.9272,421.4332,0.223407
484.9926,420.4481,0.223941
487.0764,419.4534,0.224477
489.1925,418.4462,0.225016
491.2871,417.4468,0.225557
493.3729,416.4521,0.226101
495.5168,415.4326,0.226647
497.6465,414.4264,0.227196
499.7817,413.4212,0.227746
501.9161,412.4183,0.228299
504.0918,411.4001,0.228854
506.2629,410.3904,0.229411
508.4188,409.3924,0.229970
510.6140,408.3835,0.230532
512.8288,407.3733,0.231095
515.0366,406.3740,0.231660
517.2324,405.3895,0.232227
519.4608,404.4014,0.232792
521.6988,403.4159,0.233359
523.9295,402.4383,0.233928
526.2099,401.4444,0.234499
528.4300,400.4801,0.235072
530.8733,399.4246,0.235647
532.9650,398.5285,0.236224
535.2512,397.5499,0.236802
537.4997,396.5873,0.237383
539.8384,395.5890,0.237966
542.1320,394.6116,0.238550
544.4626,393.6207,0.239137
546.7767,392.6349,0.239725
549.1090,391.6340,0.240315
551.4289,390.6380,0.240908
553.7630,389.6362,0.241502
556.0840,388.6309,0.242098
558.4714,387.5873,0.242696
560.7903,386.5708,0.243295
563.1760,385.5222,0.243897
565.5256,384.4848,0.244500
567.9260,383.4181,0.245105
570.2693,382.3744,0.245712
572.6706,381.3066,0.246320
575.1057,380.2215,0.246930
577.4522,379.1768,0.247541
579.8598,378.1079,0.248155
582.2626,377.0409,0.248769
584.6968,375.9595,0.249386
587.1777,374.8609,0.250004
589.5420,373.8186,0.250623
591.9957,372.7380,0.251244
594.4321,371.6717,0.251867
596.9023,370.5956,0.252491
599.3571,369.5289,0.253117
601.8410,368.4576,0.253745
604.3086,367.3999,0.254374
606.8141,366.3302,0.255004
609.4013,365.2324,0.255636
611.8218,364.2144,0.256269
614.3188,363.1728,0.256904
616.8673,362.1188,0.257540
619.3849,361.0899,0.258178
621.9224,360.0637,0.258817
624.4809,359.0358,0.259457
627.0971,357.9940,0.260098
629.6319,356.9928,0.260741
632.3849,355.9129,0.261385
634.7941,354.9724,0.262031
637.3897,353.9649,0.262678
639.9718,352.9652,0.263327
642.6002,351.9505,0.263977
645.2050,350.9490,0.264628
647.8307,349.9450,0.265281
650.5161,348.9275,0.265936
653.0883,347.9645,0.266591
655.7212,346.9923,0.267246
658.3470,346.0360,0.267900
661.0138,345.0755,0.268556
663.6804,344.1229,0.269213
666.3378,343.1769,0.269871
669.1713,342.1699,0.270530
671.6719,341.2758,0.271191
674.3325,340.3170,0.271853
677.0337,339.3460,0.272517
679.7007,338.3882,0.273182
682.3922,337.4162,0.273849
685.0988,336.4320,0.274516
687.9041,335.4139,0.275184
690.5603,334.4524,0.275854
693.2166,333.4918,0.276525
695.9214,332.5100,0.277197
698.6352,331.5179,0.277871
701.3601,330.5182,0.278545
704.0780,329.5175,0.279221
706.0394,328.7910,0.279672
708.5951,327.8390,0.280348
711.3570,326.8085,0.281023
714.0350,325.8089,0.281697
716.7323,324.7935,0.282370
719.4383,323.7645,0.283040
722.0865,322.7522,0.283708
724.7306,321.7356,0.284375
727.3819,320.7182,0.285040
730.0679,319.6955,0.285703
732.6781,318.7028,0.286364
735.3662,317.6815,0.287023
737.9669,316.6941,0.287680
740.6398,315.6778,0.288335
743.1679,314.7149,0.288987
745.8150,313.7071,0.289637
748.3559,312.7402,0.290283
750.9671,311.7456,0.290926
753.5076,310.7768,0.291564
755.9964,309.8224,0.292198
758.5282,308.8559,0.292827
760.9953,307.9041,0.293452
763.4640,306.9426,0.294072
765.9317,305.9728,0.294688
768.4094,304.9913,0.295299
770.7442,304.0596,0.295905
773.1307,303.0913,0.296506
775.5249,302.1075,0.297102
777.8158,301.1626,0.297693
780.1677,300.1754,0.298278
782.4255,299.2064,0.298859
784.6822,298.2250,0.299435
786.8952,297.2467,0.300007
789.1976,296.2044,0.300574
791.3355,295.2161,0.301138
793.4595,294.2185,0.301698
795.6267,293.1907,0.302256
797.7578,292.1651,0.302810
799.8741,291.1301,0.303361
801.9617,290.0920,0.303909
804.0135,289.0498,0.304452
806.0566,287.9936,0.304992
808.2127,286.8591,0.305528
810.0809,285.8533,0.306059
812.0663,284.7553,0.306586
813.9597,283.6755,0.307109
815.8622,282.5578,0.307627
817.7593,281.4182,0.308143
819.5829,280.2940,0.308654
821.4170,279.1274,0.309163
823.2310,277.9423,0.309669
824.9958,276.7682,0.310173
826.7294,275.5856,0.310675
828.4593,274.3766,0.311175
830.1675,273.1569,0.311676
831.9107,271.8835,0.312176
833.5595,270.6479,0.312675
835.2581,269.3394,0.313172
836.8412,268.0848,0.313668
838.5075,266.7269,0.314164
840.0831,265.4042,0.314658
841.6692,264.0459,0.314987
843.2459,262.6584,0.315644
844.7648,261.2775,0.316136
846.2907,259.8533,0.316629
847.8109,258.4018,0.317121
849.2935,256.9526,0.317614
850.7895,255.4557,0.318107
852.2406,253.9664,0.318601
853.6981,252.4298,0.319095
855.1306,250.8872,0.319590
856.5408,249.3382,0.320086
858.0248,247.6631,0.320582
859.7476,245.6401,0.321247
861.1985,243.8727,0.321747
862.8689,241.7658,0.322415
864.1908,240.0413,0.322750
865.4311,238.3544,0.323420
866.6566,236.6254,0.323923
867.8716,234.8403,0.324427
869.0459,233.0376,0.324931
870.1791,231.2225,0.325436
871.2889,229.3758,0.325942
872.3771,227.5066,0.326448
873.4394,225.6101,0.326956
874.4869,223.6456,0.327464
875.4550,221.7449,0.327973
876.4170,219.7864,0.328484
877.3458,217.8124,0.328996
878.2565,215.7739,0.329508
879.1090,213.7748,0.330022
879.9471,211.7340,0.330538
880.7532,209.6878,0.331055
881.5350,207.6092,0.331573
882.2822,205.5152,0.332094
883.0042,203.4095,0.332616
883.6950,201.3046,0.333140
884.3838,199.1072,0.333666
885.0149,196.9920,0.334194
885.6534,194.7603,0.334725
886.2360,192.6411,0.335258
886.8342,190.3552,0.335793
887.3642,188.2220,0.336330
887.8843,185.9965,0.336868
888.3825,183.7663,0.337409
888.8628,181.4921,0.337952
889.3119,179.2202,0.338496
889.7364,176.9448,0.339042
890.1457,174.6259,0.339591
890.5271,172.3400,0.340141
890.8912,169.9949,0.340693
891.2259,167.6599,0.341247
891.5359,165.3058,0.341803
891.8278,162.9456,0.342361
892.1030,160.5778,0.342921
892.3534,158.2029,0.343483
892.5831,155.7812,0.344047
892.7939,153.3674,0.344613
892.9807,151.0090,0.345180
893.1510,148.5964,0.345749
893.2986,146.1748,0.346320
893.4211,143.7619,0.346892
893.5165,141.3267,0.347465
893.5870,138.8926,0.348039
893.6402,136.4851,0.348612
893.6754,134.0502,0.349183
893.6882,131.5687,0.349751
893.6815,129.2525,0.350316
893.6559,126.8877,0.350875
893.6119,124.5243,0.351428
893.5499,122.2086,0.351973
893.4718,119.9490,0.352510
893.3748,117.6930,0.353037
893.2566,115.4970,0.353553
893.1251,113.3642,0.354058
892.9788,111.1835,0.354553
892.8358,109.1867,0.355038
892.6805,107.1288,0.355512
892.4748,104.5181,0.356127
892.2596,101.9479,0.356723
892.0468,99.5402,0.357302
891.8110,97.1344,0.357869
891.5588,94.7540,0.358426
891.2953,92.4211,0.358975
891.0152,90.0751,0.359518
890.7271,87.8216,0.360058
890.4187,85.5293,0.360596
890.0907,83.2417,0.361132
889.7518,80.9763,0.361668
889.4041,78.7344,0.362202
889.0402,76.4598,0.362734
888.6701,74.2232,0.363266
888.2970,71.9765,0.363797
887.9229,69.7252,0.364327
887.5449,67.4421,0.364858
887.1824,65.2275,0.365390
886.8036,62.8657,0.365923
886.4648,60.7027,0.366456
886.1235,58.4412,0.366992
885.7913,56.1379,0.367528
885.4818,53.8639,0.368065
885.1883,51.5464,0.368604
884.9225,49.2551,0.369143
884.6829,46.9596,0.369683
884.4714,44.6413,0.370223
884.2949,42.3294,0.370762
884.1528,40.0282,0.371298
884.0487,37.7590,0.371829
883.9864,35.5093,0.372355
883.9690,33.2781,0.372872
884.0004,31.0365,0.373379
884.0781,28.9330,0.373877
884.2141,26.8316,0.374365
884.4119,24.7620,0.374846
884.6722,22.7115,0.375321
885.0768,20.2582,0.375907
885.5852,17.8326,0.376487
886.1848,15.5083,0.377061
886.9050,13.1955,0.377629
887.6791,11.0445,0.378194
888.5503,8.9067,0.378753
889.5057,6.8215,0.379304
890.5240,4.8139,0.379737
891.6057,2.9017,0.380374
892.7766,1.0403,0.380895
894.0223,-0.7369,0.381408
895.3742,-2.4728,0.381814
896.7642,-4.0673,0.382418
898.2415,-5.5863,0.382918
899.7868,-7.0072,0.383417
901.4563,-8.3700,0.383913
903.4011,-9.7552,0.384493
905.1040,-10.8072,0.384964
906.8762,-11.7493,0.385422
909.0144,-12.6876,0.385958
911.1722,-13.4214,0.386480
913.3644,-13.9528,0.386991
915.4974,-14.2786,0.387495
917.6564,-14.4239,0.387995
919.7868,-14.3889,0.388489
921.8744,-14.1862,0.388978
923.9391,-13.8277,0.389461
925.9705,-13.3227,0.389943
927.9573,-12.6919,0.390426
929.9417,-11.9256,0.390913
931.8903,-11.0465,0.391407
933.8332,-10.0506,0.391910
935.7322,-8.9496,0.392425
937.6154,-7.7136,0.392951
939.4287,-6.3607,0.393488
941.2050,-4.8514,0.394035
942.8622,-3.2683,0.394587
944.4722,-1.5299,0.395140
945.9637,0.3097,0.395692
947.3308,2.2353,0.396240
948.5783,4.2442,0.396782
949.6925,6.3222,0.397321
950.7010,8.4718,0.397861
951.4846,10.3536,0.398314
952.3015,12.5458,0.398862
952.9511,14.4896,0.399326
953.5471,16.4333,0.399796
954.1140,18.4450,0.400275
954.6403,20.4773,0.400763
955.1419,22.5888,0.401259
955.5996,24.7218,0.401764
956.0151,26.8986,0.402278
956.3893,29.1367,0.402802
956.7192,31.4434,0.403334
956.9973,33.7641,0.403876
957.2311,36.1425,0.404426
957.4221,38.5706,0.404985
957.5714,41.0301,0.405553
957.6616,43.0498,0.406014
957.7241,45.1070,0.406481
957.7624,47.1348,0.406956
957.7799,49.3144,0.407436
957.7762,51.3166,0.407916
957.7572,53.4175,0.408403
957.7206,55.5601,0.408898
957.6691,57.7077,0.409402
957.5990,59.9220,0.409913
957.5097,62.1422,0.410430
957.3991,64.4085,0.410954
957.2685,66.6640,0.411485
957.1114,68.9701,0.412021
956.9289,71.3297,0.412564
956.7327,73.6279,0.413113
956.5111,76.0278,0.413668
956.2681,78.4654,0.414229
956.0140,80.8531,0.414796
955.7378,83.3307,0.415369
955.4550,85.7841,0.415947
955.1600,88.2916,0.416532
954.8609,90.8087,0.417122
954.5447,93.3790,0.417718
954.2142,96.0141,0.418319
953.8993,98.5038,0.418926
953.5629,101.1455,0.419538
953.2270,103.7428,0.420156
952.9648,105.7401,0.420622
952.6084,108.3873,0.421242
952.2524,111.0086,0.421865
951.9774,113.0387,0.422336
951.6974,115.0805,0.422810
951.4201,117.0688,0.423286
951.1310,119.1072,0.423765
950.8293,121.1822,0.424248
950.5176,123.2745,0.424733
950.2083,125.2960,0.425221
949.8780,127.3907,0.425711
949.5414,129.4727,0.426205
949.1961,131.5475,0.426701
948.8334,133.6652,0.427201
948.4630,135.7605,0.427703
948.0679,137.9239,0.428208
947.6708,140.0310,0.428715
947.2479,142.2001,0.429226
946.8162,144.3415,0.429739
946.3665,146.4985,0.430255
945.8999,148.6594,0.430773
945.4179,150.8174,0.431294
944.9177,152.9842,0.431817
944.4005,155.1520,0.432342
943.8491,157.3912,0.432869
943.2912,159.5861,0.433399
942.7202,161.7639,0.433930
942.1266,163.9676,0.434464
941.5187,166.1504,0.434999
940.8702,168.4064,0.435538
940.2275,170.5745,0.436078
939.5386,172.8322,0.436620
938.8598,174.9943,0.437165
938.1272,177.2636,0.437712
937.3951,179.4638,0.438262
936.6319,181.6908,0.438814
935.8465,183.9147,0.439367
935.0306,186.1594,0.439923
934.2088,188.3518,0.440481
933.3468,190.5761,0.441039
932.4436,192.8260,0.441596
931.5458,194.9806,0.442152
930.6117,197.1371,0.442706
929.6474,199.2782,0.443258
928.6738,201.3664,0.443807
927.6627,203.4737,0.444354
926.6421,205.5417,0.444901
925.5907,207.6099,0.445445
924.5337,209.6216,0.445988
923.4143,211.6857,0.446529
922.3351,213.6193,0.447068
921.0965,215.7766,0.447607
920.0578,217.5369,0.448144
918.8662,219.5053,0.448681
917.6672,221.4414,0.449218
916.4650,223.3438,0.449755
915.2211,225.2820,0.450292
913.9628,227.2030,0.450831
912.6624,229.1464,0.451371
911.3718,231.0320,0.451911
910.0551,232.9203,0.452453
908.7357,234.7725,0.452996
907.3456,236.6840,0.453540
905.9694,238.5379,0.454084
904.5340,240.4286,0.454630
903.1144,242.2535,0.455176
901.6521,244.0902,0.455721
900.1612,245.9282,0.456264
898.7593,247.6269,0.456806
897.2780,249.3892,0.457344
895.8022,251.1134,0.457877
894.3331,252.8011,0.458402
892.8752,254.4498,0.458916
891.4425,256.0504,0.459420
890.0354,257.6076,0.459913
888.5913,259.1928,0.460394
886.8679,261.0724,0.461017
885.1136,262.9750,0.461622
883.4292,264.7931,0.462208
881.7813,266.5608,0.462773
880.1871,268.2637,0.463318
878.6410,269.9127,0.463844
877.1725,271.4746,0.464351
875.7288,273.0024,0.464841
874.0088,274.8120,0.465427
872.3274,276.5721,0.465992
870.7094,278.2564,0.466543
869.0995,279.9239,0.467084
867.5075,281.5628,0.467617
865.9375,283.1792,0.468142
864.4049,284.7534,0.468657
862.8945,286.3116,0.469161
861.4649,287.7977,0.469651
860.0404,289.2939,0.470131
858.6587,290.7659,0.470604
857.2897,292.2468,0.471072
855.6830,294.0212,0.471630
854.3578,295.5225,0.472093
852.7892,297.3552,0.472650
851.3113,299.1435,0.473208
850.0586,300.7263,0.473675
848.6102,302.6322,0.474239
847.4291,304.2541,0.474708
846.2850,305.8961,0.475174
845.0013,307.8726,0.475726
843.8046,309.8966,0.476272
842.6831,311.9223,0.476812
841.7257,313.9781,0.477341
840.9034,316.0394,0.477860
840.1833,318.1204,0.478370
839.5435,320.1652,0.478871
838.9173,322.2169,0.479366
838.2784,324.2194,0.479852
837.5908,326.1583,0.480331
836.8301,328.0368,0.480801
835.8295,330.1431,0.481342
834.6992,332.1432,0.481871
833.4381,334.0296,0.482317
831.9999,335.8381,0.482902
830.5084,337.4318,0.483412
828.8696,338.9399,0.483928
827.0923,340.3529,0.484456
825.2300,341.6240,0.484997
823.2444,342.7790,0.485556
821.4532,343.6900,0.486038
819.5241,344.5579,0.486523
817.3231,345.4276,0.487098
815.3294,346.1149,0.487600
813.2354,346.7493,0.488112
811.0722,347.3296,0.488635
808.8238,347.8674,0.489170
806.4390,348.3824,0.489718
804.1396,348.8355,0.490282
802.0927,349.2104,0.490764
799.9930,349.5705,0.491257
797.8289,349.9217,0.491660
795.6510,350.2582,0.492276
793.4517,350.5895,0.492801
791.1718,350.9247,0.493335
788.7678,351.2808,0.493879
786.4967,351.6260,0.494433
784.1018,352.0133,0.494996
782.1255,352.3543,0.495453
779.7102,352.8020,0.496031
777.7459,353.2039,0.496500
775.7516,353.6417,0.496974
773.7409,354.1214,0.497453
771.7369,354.6776,0.497935
769.7538,355.2312,0.498418
767.7492,355.8170,0.498901
765.6875,356.4607,0.499389
763.7213,357.1013,0.499883
761.6995,357.7889,0.500381
759.6360,358.5297,0.500883
757.5850,359.2983,0.501391
755.5180,360.1104,0.501902
753.4541,360.9594,0.502418
751.3675,361.8546,0.502938
749.3118,362.7693,0.503463
747.2123,363.7385,0.503992
745.1126,364.7445,0.504527
743.0146,365.7748,0.505067
740.8916,366.8393,0.505613
738.7498,367.9284,0.506164
736.6395,369.0237,0.506720
734.5051,370.1515,0.507283
732.3437,371.3070,0.507852
730.1998,372.4652,0.508425
728.0194,373.6627,0.509000
725.8445,374.8886,0.509577
723.6449,376.1461,0.510159
721.4790,377.4000,0.510746
719.2704,378.6884,0.511338
717.0343,380.0026,0.511934
714.8181,381.3098,0.512536
712.5782,382.6351,0.513142
710.3294,383.9707,0.513752
708.6036,384.9961,0.514213
706.2236,386.4149,0.514832
704.0300,387.7302,0.515455
702.2108,388.8196,0.515925
699.9724,390.1594,0.516556
698.2147,391.2124,0.517028
696.4868,392.2473,0.517502
694.7525,393.2921,0.517978
692.9820,394.3623,0.518457
691.2375,395.4217,0.518938
689.4696,396.4979,0.519421
687.6595,397.5997,0.519907
685.8883,398.6814,0.520394
684.0911,399.7759,0.520884
682.2691,400.8845,0.521375
680.4935,401.9671,0.521869
678.6604,403.0896,0.522365
676.7784,404.2438,0.522864
675.0048,405.3344,0.523365
673.1644,406.4660,0.523868
671.2946,407.6173,0.524373
669.4611,408.7445,0.524880
667.5914,409.8945,0.525390
665.7173,411.0475,0.525902
663.8618,412.1865,0.526415
661.9703,413.3453,0.526931
660.0386,414.5310,0.527450
658.1658,415.6732,0.527970
656.2445,416.8371,0.528492
654.2972,418.0116,0.529016
652.3733,419.1693,0.529543
650.4627,420.3136,0.530071
648.4639,421.5009,0.530602
646.4995,422.6634,0.531134
644.5238,423.8291,0.531669
642.5177,425.0066,0.532206
640.5448,426.1640,0.532745
638.5621,427.3284,0.533286
636.5514,428.5090,0.533830
634.5424,429.6890,0.534375
632.4781,430.9015,0.534923
630.4520,432.0945,0.535472
628.4257,433.2917,0.536023
626.3965,434.4895,0.536575
624.3631,435.6888,0.537127
622.3265,436.8960,0.537679
620.3020,438.0980,0.538234
618.2450,439.3200,0.538790
616.1731,440.5551,0.539348
614.1375,441.7740,0.539908
612.0013,443.0563,0.540470
609.9918,444.2646,0.541034
607.8724,445.5411,0.541599
605.8286,446.7753,0.542167
603.7127,448.0552,0.542737
601.6182,449.3245,0.543308
599.4715,450.6260,0.543881
597.4251,451.8688,0.544457
595.1386,453.2634,0.545034
593.1652,454.4705,0.545613
591.0192,455.7850,0.546193
588.9073,457.0800,0.546776
586.7913,458.3796,0.547361
584.6217,459.7154,0.547947
582.4799,461.0358,0.548535
580.3264,462.3673,0.549125
578.1684,463.7003,0.549717
576.0015,465.0376,0.550310
573.8525,466.3676,0.550906
571.6337,467.7413,0.551503
569.4925,469.0647,0.552101
567.2715,470.4373,0.552702
565.0826,471.7926,0.553304
562.8980,473.1443,0.553908
560.6427,474.5378,0.554514
558.4662,475.8806,0.555121
556.2179,477.2664,0.555730
554.0145,478.6232,0.556341
551.7785,479.9989,0.556954
549.5317,481.3810,0.557568
547.2803,482.7638,0.558183
545.0082,484.1552,0.558801
542.7430,485.5398,0.559419
540.4738,486.9260,0.560039
538.2034,488.3112,0.560661
535.9079,489.7092,0.561284
533.6339,491.0926,0.561907
531.3257,492.4941,0.562530
529.0471,493.8772,0.563153
526.8124,495.2346,0.563775
524.5012,496.6366,0.564394
522.2623,497.9921,0.565010
519.9509,499.3881,0.565624
517.8011,500.6851,0.566233
515.5167,502.0657,0.566838
513.3618,503.3685,0.567438
511.1765,504.6863,0.568032
509.0277,505.9797,0.568620
506.9046,507.2579,0.569199
504.7840,508.5336,0.569771
502.7436,509.7620,0.570333
500.6742,511.0094,0.570887
498.7213,512.1872,0.571431
496.7767,513.3604,0.571967
494.8234,514.5430,0.572498
492.8887,515.7167,0.573023
490.9755,516.8753,0.573544
489.0957,518.0140,0.574061
487.2015,519.1620,0.574576
485.3378,520.2905,0.575087
483.4313,521.4458,0.575597
481.5757,522.5704,0.576104
479.7466,523.6783,0.576608
477.9182,524.7837,0.577110
476.0567,525.9103,0.577610
474.2527,527.0031,0.578106
472.4236,528.1085,0.578600
470.6342,529.1886,0.579092
468.8545,530.2620,0.579582
467.0451,531.3501,0.580070
465.1233,532.5034,0.580557
462.8835,533.8436,0.581201
461.0754,534.9250,0.581683
459.3240,535.9719,0.582164
457.4779,537.0739,0.582644
455.2251,538.4166,0.583281
453.3460,539.5335,0.583758
451.1502,540.8337,0.584391
449.3550,541.8903,0.584864
447.0636,543.2316,0.585490
445.3021,544.2559,0.585801
443.0580,545.5564,0.586572
440.8087,546.8487,0.587181
438.5550,548.1409,0.587782
436.3762,549.3856,0.588374
434.1871,550.6312,0.588956
432.1035,551.8134,0.589525
430.0289,552.9886,0.590081
428.0208,554.1237,0.590622
426.0353,555.2501,0.591149
424.1651,556.3122,0.591659
422.3255,557.3595,0.592153
420.5746,558.3587,0.592628
418.4627,559.5664,0.593195
416.4728,560.7056,0.593734
414.5672,561.8019,0.594250
412.7112,562.8757,0.594751
410.8980,563.9265,0.595241
409.0932,564.9694,0.595726
407.3248,565.9867,0.596206
405.4939,567.0293,0.596685
403.7364,568.0165,0.597163
401.9355,569.0101,0.597642
400.1428,569.9753,0.598123
398.2486,570.9640,0.598604
396.1069,572.0308,0.599184
394.2236,572.9220,0.599667
392.3720,573.7396,0.600146
390.5040,574.4972,0.600619
388.3098,575.2845,0.601180
386.1080,575.9505,0.601725
383.9237,576.4787,0.602256
381.7384,576.8852,0.602777
379.5943,577.1850,0.603289
377.4046,577.3997,0.603799
375.2380,577.5241,0.604310
373.0545,577.5435,0.604822
370.8527,577.4767,0.605337
368.6645,577.2761,0.605851
366.4874,576.9440,0.606369
364.2984,576.5015,0.606891
362.0963,575.9651,0.607420
359.8588,575.3391,0.607957
357.6152,574.6485,0.608502
355.3239,573.9071,0.609058
353.3979,573.2745,0.609529
351.4495,572.6395,0.610008
349.4544,572.0106,0.610495
347.4286,571.4011,0.610991
345.3800,570.8240,0.611495
343.3021,570.2884,0.612001
341.1733,569.7991,0.612508
339.0691,569.3883,0.613013
336.9984,569.0713,0.613516
334.9392,568.8520,0.614013
332.9042,568.7389,0.614505
330.8518,568.7345,0.614995
328.4289,568.8856,0.615574
326.1547,569.2033,0.616140
323.9172,569.6917,0.616692
321.7033,570.3466,0.617235
319.5381,571.1298,0.617770
317.4296,572.0226,0.618301
315.3184,573.0270,0.618834
313.2196,574.1148,0.619369
311.1273,575.2725,0.619913
309.3647,576.3027,0.620375
307.5921,577.3994,0.620847
305.7564,578.6028,0.621332
304.0607,579.7799,0.621822
302.3029,581.0795,0.622316
300.5480,582.4562,0.622818
298.8435,583.8875,0.623326
297.1374,585.4193,0.623841
295.4609,587.0035,0.624362
293.8168,588.6483,0.624891
292.1684,590.3742,0.625426
290.5467,592.1418,0.625968
288.9622,593.9484,0.626517
287.3608,595.8393,0.627075
285.7896,597.7490,0.627642
284.5114,599.3324,0.628103
283.2376,600.9507,0.628572
281.9865,602.5579,0.629044
280.7103,604.1988,0.629519
279.4441,605.8414,0.630001
278.1320,607.5578,0.630492
276.8616,609.2199,0.630993
275.5298,610.9675,0.631503
274.2031,612.7043,0.632024
272.8623,614.4493,0.632557
271.4751,616.2415,0.633102
270.0608,618.0472,0.633658
268.6673,619.7936,0.634223
267.2141,621.5570,0.634790
265.7534,623.2505,0.635358
264.2800,624.8663,0.635922
262.7566,626.4356,0.636478
261.1973,627.9236,0.637018
259.5892,629.3434,0.637541
257.9959,630.6544,0.638054
256.3484,631.9188,0.638559
254.6687,633.1255,0.639058
252.9793,634.2715,0.639553
251.2506,635.3824,0.640045
249.4782,636.4587,0.640536
247.2790,637.7119,0.641146
245.4831,638.6622,0.641631
243.2800,639.7228,0.642229
241.3488,640.5515,0.642701
239.1825,641.3648,0.643280
236.8732,642.0786,0.643847
234.6290,642.6136,0.644398
232.3182,643.0338,0.644937
230.0815,643.3335,0.645464
227.8592,643.5258,0.645982
225.6054,643.6230,0.646492
223.3720,643.6288,0.646998
221.1871,643.5514,0.647505
218.9331,643.3916,0.648013
216.7001,643.1553,0.648526
214.3972,642.8337,0.649045
212.1562,642.4451,0.649569
209.8486,641.9657,0.650102
207.5926,641.4234,0.650644
205.2657,640.7870,0.651195
202.9497,640.0751,0.651755
200.6197,639.2835,0.652321
198.7330,638.5926,0.652782
196.8372,637.8629,0.653250
194.9262,637.0932,0.653725
192.9732,636.2718,0.654206
191.0533,635.4269,0.654695
189.1072,634.5348,0.655191
187.1453,633.6021,0.655693
185.1440,632.6212,0.656202
183.1680,631.6254,0.656719
181.1402,630.5782,0.657242
179.0828,629.4960,0.657771
177.0573,628.4196,0.658308
175.0349,627.3356,0.658851
172.9319,626.2024,0.659400
170.8148,625.0578,0.659957
168.6950,623.9082,0.660520
166.5545,622.7459,0.661088
164.3812,621.5621,0.661662
162.2353,620.3938,0.662241
160.0014,619.1771,0.662826
157.8086,617.9835,0.663416
155.5447,616.7511,0.664012
153.2661,615.5099,0.664612
151.0131,614.2810,0.665218
148.6663,613.0012,0.665828
146.3583,611.7384,0.666443
143.9960,610.4498,0.667063
141.6978,609.1974,0.667687
139.3299,607.8949,0.668312
137.5584,606.9192,0.668781
135.7507,605.9265,0.669253
133.4093,604.6391,0.669885
131.5844,603.6326,0.670363
129.8139,602.6528,0.670843
128.0044,601.6482,0.671326
126.1808,600.6302,0.671811
124.2446,599.5452,0.672299
122.4809,598.5525,0.672789
120.6874,597.5368,0.673281
118.8666,596.5019,0.673776
117.0164,595.4448,0.674274
115.1160,594.3553,0.674773
113.2469,593.2801,0.675275
111.4155,592.2223,0.675780
109.4843,591.1020,0.676286
107.6043,590.0060,0.676795
105.7048,588.8959,0.677306
103.8413,587.8057,0.677819
101.9030,586.6691,0.678335
99.9819,585.5400,0.678852
98.0849,584.4227,0.679372
96.1215,583.2618,0.679894
94.1922,582.1179,0.680418
92.1850,580.9272,0.680944
90.2931,579.8034,0.681472
88.2543,578.5899,0.682002
86.4197,577.4963,0.682534
84.4456,576.3199,0.683068
82.4738,575.1455,0.683605
80.4758,573.9566,0.684144
78.4529,572.7545,0.684686
76.4402,571.5602,0.685229
74.4683,570.3931,0.685773
72.4124,569.1799,0.686320
70.3864,567.9929,0.686868
68.3787,566.8255,0.687418
66.2918,565.6218,0.687970
64.2683,564.4636,0.688523
62.1292,563.2455,0.689078
59.9558,562.0214,0.689635
58.0376,560.9538,0.690006
55.9236,559.7896,0.690752
53.8233,558.6437,0.691312
51.6603,557.4812,0.691872
49.5872,556.3785,0.692431
47.4461,555.2578,0.692991
45.3035,554.1557,0.693552
43.0979,553.0381,0.694115
40.9331,551.9588,0.694679
38.7452,550.8889,0.695245
36.5585,549.8329,0.695812
34.3504,548.7799,0.696381
32.1469,547.7458,0.696952
29.9075,546.7160,0.697524
27.7106,545.7288,0.698098
25.4162,544.7141,0.698673
23.1989,543.7512,0.699249
20.8601,542.7615,0.699827
18.6113,541.8305,0.700405
16.1675,540.8382,0.700984
13.9897,539.9738,0.701565
11.5685,539.0334,0.702147
9.3351,538.1831,0.702730
6.9212,537.2830,0.703315
4.5747,536.4296,0.703901
2.1837,535.5835,0.704488
-0.1614,534.7756,0.705077
-2.6074,533.9522,0.705667
-5.0237,533.1633,0.706259
-7.4307,532.4061,0.706852
-10.0007,531.6193,0.707447
-12.3225,530.9288,0.708043
-14.7718,530.2146,0.708641
-17.2015,529.5133,0.709240
-19.6822,528.8054,0.709841
-22.1954,528.0984,0.710444
-24.7007,527.4048,0.711048
-27.1837,526.7229,0.711653
-29.6581,526.0547,0.712260
-32.2781,525.3587,0.712869
-34.6891,524.7303,0.713479
-37.2434,524.0741,0.714090
-39.7674,523.4263,0.714703
-42.3376,522.7696,0.715318
-44.8784,522.1282,0.715934
-47.5034,521.4729,0.716551
-50.0473,520.8399,0.717170
-52.6244,520.2013,0.717790
-55.2087,519.5655,0.718411
-57.8023,518.9324,0.719034
-60.3870,518.3061,0.719658
-63.0172,517.6723,0.720284
-65.6589,517.0391,0.720911
-68.2709,516.4166,0.721539
-70.8912,515.7980,0.722169
-73.5496,515.1761,0.722800
-76.1979,514.5643,0.723432
-78.8229,513.9651,0.724067
-81.4914,513.3619,0.724702
-84.1724,512.7604,0.725339
-86.8598,512.1635,0.725977
-89.5205,511.5810,0.726617
-92.2362,510.9941,0.727258
-94.9136,510.4242,0.727901
-97.5889,509.8600,0.728546
-100.3320,509.2865,0.729191
-103.0788,508.7171,0.729839
-105.8044,508.1578,0.730487
-108.4821,507.6110,0.731135
-111.2105,507.0605,0.731782
-113.9786,506.5171,0.732431
-116.7167,505.9887,0.733082
-119.4412,505.4725,0.733733
-122.1898,504.9634,0.734386
-124.9457,504.4678,0.735040
-127.7001,503.9843,0.735696
-130.4948,503.5125,0.736353
-133.2721,503.0593,0.737011
-136.0820,502.6148,0.737670
-138.8623,502.1881,0.738331
-141.6791,501.7710,0.738993
-144.5381,501.3643,0.739656
-147.3383,500.9869,0.740320
-150.1666,500.6187,0.740984
-153.0018,500.2662,0.741650
-155.8771,499.9293,0.742317
-158.7026,499.6163,0.742984
-161.5889,499.3114,0.743652
-164.4158,499.0251,0.744321
-167.2569,498.7601,0.744990
-170.1509,498.5103,0.745660
-173.0217,498.2787,0.746329
-175.8940,498.0600,0.746998
-178.8232,497.8539,0.747667
-181.6167,497.6744,0.748335
-184.6627,497.5036,0.749002
-187.3459,497.3641,0.749668
-190.3298,497.2255,0.750332
-193.0296,497.1133,0.750996
-195.8512,497.0157,0.751659
-198.7010,496.9388,0.752320
-201.5280,496.8819,0.752980
-204.3402,496.8514,0.753639
-207.2067,496.8534,0.754297
-209.2206,496.8712,0.754733
-211.8005,496.9109,0.755386
-214.5722,496.9856,0.756037
-217.3154,497.0899,0.756684
-220.0608,497.2217,0.757328
-222.7730,497.3829,0.757967
-225.4732,497.5788,0.758601
-228.1616,497.8054,0.759229
-230.7690,498.0508,0.759849
-233.3370,498.3188,0.760461
-235.8806,498.6113,0.761065
-238.4168,498.9370,0.761662
-240.8888,499.2934,0.762252
-243.3817,499.6907,0.762836
-245.8654,500.1190,0.763413
-248.1918,500.5447,0.763987
-250.5883,501.0014,0.764557
-252.9625,501.4581,0.765123
-255.3203,501.9059,0.765688
-257.6937,502.3470,0.766250
-260.0386,502.7720,0.766808
-262.4022,503.1888,0.767364
-264.6906,503.5834,0.767917
-267.0208,503.9778,0.768467
-269.3609,504.3687,0.769014
-271.6460,504.7450,0.769559
-273.8658,505.1050,0.770101
-276.1689,505.4733,0.770639
-278.3857,505.8224,0.771172
-280.6428,506.1689,0.771698
-282.8588,506.5001,0.772216
-284.9683,506.8071,0.772724
-287.1173,507.1096,0.773223
-289.1623,507.3877,0.773712
-291.2226,507.6565,0.774190
-293.8509,507.9834,0.774812
-296.5155,508.2901,0.775417
-298.9992,508.5582,0.776008
-301.4706,508.8062,0.776589
-303.9164,509.0346,0.777165
-306.4125,509.2498,0.777736
-308.8383,509.4397,0.778163
-311.2334,509.6041,0.778871
-313.7143,509.7457,0.779436
-316.1376,509.8512,0.779998
-318.5099,509.9218,0.780558
-320.9784,509.9567,0.781112
-323.2948,509.9520,0.781659
-325.6182,509.9069,0.782199
-327.9136,509.8189,0.782732
-330.1977,509.6875,0.783260
-332.5946,509.4991,0.783784
-334.7018,509.2894,0.784303
-336.8935,509.0238,0.784819
-339.0853,508.6988,0.785332
-341.2330,508.3149,0.785842
-343.4365,507.8555,0.786350
-345.4966,507.3668,0.786856
-347.6119,506.8042,0.787363
-349.6705,506.1913,0.787870
-351.7152,505.5206,0.788378
-353.7777,504.7929,0.788760
-355.7701,504.0411,0.789402
-357.7547,503.2481,0.789919
-359.7648,502.3895,0.790441
-361.7463,501.4902,0.790966
-363.7151,500.5475,0.791494
-365.6484,499.5775,0.792021
-367.6027,498.5516,0.792550
-369.5308,497.4959,0.793080
-371.4607,496.3941,0.793614
-373.3991,495.2403,0.794150
-375.3532,494.0206,0.794689
-377.2620,492.7690,0.795232
-379.1530,491.4813,0.795779
-381.0826,490.1295,0.796330
-382.9926,488.7612,0.796884
-384.9085,487.3557,0.797443
-386.8326,485.9099,0.798006
-388.7604,484.4288,0.798575
-390.6923,482.9097,0.799149
-392.6407,481.3456,0.799729
-394.5632,479.7652,0.800314
-396.4641,478.1547,0.800903
-398.3687,476.4850,0.801496
-400.2558,474.7645,0.802094
-402.1301,472.9856,0.802696
-403.9881,471.1477,0.803304
-405.8054,469.2764,0.803916
-407.6014,467.3479,0.804534
-408.9433,465.8484,0.805002
-410.2600,464.3276,0.805472
-411.5573,462.7795,0.805946
-412.8304,461.2017,0.806423
-414.0600,459.6056,0.806903
-415.2853,457.9306,0.807386
-416.4392,456.2776,0.807872
-417.6020,454.5317,0.808360
-418.7173,452.7821,0.808849
-419.7971,451.0123,0.809338
-420.8100,449.2557,0.809827
-421.8136,447.3984,0.810315
-422.7523,445.5568,0.810802
-423.6874,443.6172,0.811288
-424.7866,441.1867,0.811932
-425.5847,439.2967,0.812413
-426.3307,437.3981,0.812892
-427.0226,435.4876,0.813369
-427.7032,433.4358,0.813843
-428.4615,430.8885,0.814473
-428.9974,428.8911,0.814944
-429.6210,426.3449,0.815570
-430.0589,424.3865,0.816040
-430.4721,422.3953,0.816510
-430.8636,420.3993,0.816981
-431.2420,418.3852,0.817455
-431.6037,416.3853,0.817931
-431.9567,414.3544,0.818411
-432.2924,412.3059,0.818894
-432.6059,410.2882,0.819380
-432.9139,408.1859,0.819868
-433.1974,406.1237,0.820357
-433.4671,404.0384,0.820849
-433.7264,401.9121,0.821343
-433.9771,399.8013,0.821838
-434.2200,397.6842,0.822336
-434.4547,395.5578,0.822836
-434.6776,393.4277,0.823337
-434.8918,391.2120,0.823842
-435.0768,389.0908,0.824348
-435.2464,386.9156,0.824856
-435.3946,384.7440,0.825366
-435.5192,382.5369,0.825879
-435.6188,380.3197,0.826394
-435.6960,378.0984,0.826910
-435.7505,375.8870,0.827429
-435.7859,373.6196,0.827951
-435.8071,371.3896,0.828475
-435.8185,369.1166,0.829001
-435.8232,366.8645,0.829530
-435.8268,364.5903,0.830061
-435.8331,362.2671,0.830595
-435.8426,359.9819,0.831132
-435.8623,357.6406,0.831671
-435.8891,355.2028,0.832212
-435.9145,353.0163,0.832756
-435.9484,350.6559,0.833302
-435.9859,348.3329,0.833851
-436.0329,345.9245,0.834401
-436.0881,343.5618,0.834955
-436.1518,341.1811,0.835510
-436.2271,338.7818,0.836068
-436.3120,336.3842,0.836628
-436.4121,333.9522,0.837190
-436.5298,331.5914,0.837755
-436.6733,329.1256,0.838321
-436.8240,326.7165,0.838888
-436.9870,324.2776,0.839454
-437.1735,321.8426,0.840023
-437.3702,319.4502,0.840594
-437.5869,316.9557,0.841167
-437.8113,314.5074,0.841742
-438.0468,312.0419,0.842319
-438.2899,309.5756,0.842898
-438.5408,307.0924,0.843480
-438.7914,304.6111,0.844063
-439.0474,302.1561,0.844650
-439.3250,299.6214,0.845238
-439.6065,297.1393,0.845829
-439.8954,294.6123,0.846421
-440.1910,292.0870,0.847015
-440.4939,289.5675,0.847611
-440.8088,287.0211,0.848209
-441.1307,284.4648,0.848809
-441.4473,281.9674,0.849411
-441.7835,279.3873,0.850014
-442.1331,276.7774,0.850618
-442.4726,274.2757,0.851225
-442.8306,271.6466,0.851833
-443.2095,268.8550,0.852443
-443.5295,266.4972,0.853054
-443.8840,263.8881,0.853667
-444.2407,261.2766,0.854281
-444.5948,258.6834,0.854897
-444.9541,256.0427,0.855515
-445.3126,253.4166,0.856134
-445.6728,250.7764,0.856755
-446.0275,248.1749,0.857377
-446.3992,245.4404,0.858001
-446.7460,242.8910,0.858625
-447.1323,240.0725,0.859251
-447.4785,237.5423,0.859879
-447.8446,234.8825,0.860508
-448.2165,232.1869,0.861138
-448.5850,229.5177,0.861770
-448.9544,226.8501,0.862403
-449.3394,224.1137,0.863037
-449.7377,221.3398,0.863673
-450.1098,218.7143,0.864310
-450.4846,216.0443,0.864949
-450.8755,213.2630,0.865589
-451.2563,210.5534,0.866231
-451.6376,207.8233,0.866874
-452.0181,205.1086,0.867518
-452.4042,202.3682,0.868164
-452.7974,199.5608,0.868812
-453.1789,196.8035,0.869461
-453.5577,194.0437,0.870111
-453.9298,191.3323,0.870763
-454.3161,188.5206,0.871416
-454.6994,185.7154,0.872070
-455.0782,182.9521,0.872726
-455.4547,180.2057,0.873383
-455.8470,177.3309,0.874041
-456.2261,174.5588,0.874701
-456.6067,171.7682,0.875362
-456.9869,168.9712,0.876023
-457.3692,166.1282,0.876683
-457.7478,163.3144,0.877344
-458.1197,160.5549,0.878006
-458.5106,157.6516,0.878670
-458.8831,154.8794,0.879335
-459.2650,152.0162,0.880001
-459.6419,149.1684,0.880669
-460.0059,146.3772,0.881338
-460.2643,144.3677,0.881785
-460.6199,141.5584,0.882455
-460.9712,138.7084,0.883127
-461.3084,135.8645,0.883799
-461.6367,132.9937,0.884471
-461.9595,130.0818,0.885143
-462.2608,127.2645,0.885813
-462.5711,124.2502,0.886482
-462.8451,121.5358,0.887149
-463.1224,118.7415,0.887813
-463.4008,115.8598,0.888475
-463.6591,113.1057,0.889133
-463.9190,110.2861,0.889788
-464.1682,107.5257,0.890437
-464.4171,104.7342,0.891082
-464.6521,102.0519,0.891719
-464.8831,99.3539,0.892347
-465.0997,96.7634,0.892966
-465.3266,93.9976,0.893573
-465.5221,91.6039,0.894171
-465.7276,89.0956,0.894760
-465.9309,86.6293,0.895341
-466.1354,84.1641,0.895916
-466.3366,81.7503,0.896486
-466.5398,79.3289,0.897050
-466.7432,76.9552,0.897610
-466.9492,74.5846,0.898163
-467.1600,72.2061,0.898712
-467.3737,69.8725,0.899256
-467.5825,67.6721,0.899795
-467.8097,65.3546,0.900331
-468.0419,63.0441,0.900862
-468.2668,60.8291,0.901389
-468.4956,58.6243,0.901912
-468.7266,56.4351,0.902428
-468.9605,54.2549,0.902936
-469.2146,51.9121,0.903437
-469.5013,49.3100,0.904095
-469.7444,47.1242,0.904582
-470.0357,44.5276,0.905225
-470.2707,42.4378,0.905703
-470.5692,39.7571,0.906335
-470.8564,37.1035,0.906962
-471.0641,35.1126,0.907428
-471.3233,32.4681,0.908047
-471.5566,29.8620,0.908661
-471.7642,27.2208,0.909270
-471.9409,24.5729,0.909724
-472.0700,22.0342,0.910473
-472.1512,19.5210,0.911063
-472.1784,17.0025,0.911647
-472.1554,14.5338,0.912219
-472.0842,12.0370,0.912641
-471.9572,9.7255,0.913328
-471.7668,7.3733,0.913867
-471.5112,5.0673,0.914400
-471.2006,2.7704,0.914926
-470.8341,0.5189,0.915445
-470.4082,-1.6940,0.915959
-469.9201,-3.8436,0.916466
-469.3605,-5.9290,0.916966
-468.7198,-7.9712,0.917459
-468.0068,-9.9436,0.917946
-467.2089,-11.8763,0.918426
-466.3514,-13.7005,0.918899
-465.3970,-15.4905,0.919367
-464.1022,-17.6076,0.919941
-462.7774,-19.5059,0.920505
-461.2959,-21.3998,0.921057
-459.7699,-23.1524,0.921600
-458.1534,-24.8206,0.922137
-456.4697,-26.3838,0.922669
-454.7293,-27.8310,0.923199
-452.8956,-29.1791,0.923725
-451.0303,-30.3910,0.924249
-449.1346,-31.4908,0.924771
-447.2107,-32.4927,0.925291
-445.2459,-33.3945,0.925806
-443.2929,-34.1750,0.926315
-441.2842,-34.8893,0.926821
-439.2458,-35.5303,0.927328
-437.2055,-36.0915,0.927835
-435.1060,-36.5959,0.928346
-432.9526,-37.0421,0.928863
-430.7826,-37.4210,0.929386
-428.5629,-37.7423,0.929919
-426.2812,-38.0090,0.930464
-423.9199,-38.2156,0.931021
-421.5564,-38.3513,0.931591
-419.1357,-38.4151,0.932174
-416.6590,-38.4040,0.932768
-414.6391,-38.3444,0.933250
-412.5876,-38.2285,0.933735
-410.5540,-38.0459,0.934227
-408.4460,-37.7864,0.934724
-406.3590,-37.4678,0.935225
-404.2629,-37.0770,0.935730
-402.1743,-36.6089,0.936239
-400.0775,-36.0649,0.936746
-398.0511,-35.4929,0.937246
-396.0543,-34.9015,0.937735
-394.1140,-34.3071,0.938211
-391.7803,-33.5947,0.938788
-389.5121,-32.9359,0.939344
-387.2586,-32.3264,0.939877
-385.1872,-31.8022,0.940395
-383.0307,-31.2770,0.940919
-380.7580,-30.7193,0.941454
-378.4696,-30.1449,0.941891
-376.1674,-29.5561,0.942563
-373.8123,-28.9475,0.943136
-371.8715,-28.4423,0.943603
-369.9068,-27.9280,0.944077
-367.9078,-27.4016,0.944559
-365.8627,-26.8545,0.945049
-363.8309,-26.3006,0.945546
-361.7058,-25.7059,0.946050
-359.6445,-25.1105,0.946560
-357.5278,-24.4772,0.947077
-355.3721,-23.8086,0.947601
-353.2391,-23.1270,0.948130
-351.0464,-22.4041,0.948666
-348.8152,-21.6481,0.949207
-346.6434,-20.8929,0.949753
-344.3973,-20.0895,0.950305
-342.1567,-19.2697,0.950860
-339.8853,-18.4158,0.951421
-337.6107,-17.5414,0.951986
-335.3593,-16.6603,0.952556
-333.0413,-15.7336,0.953131
-330.7156,-14.7859,0.953710
-328.4003,-13.8323,0.954295
-326.0593,-12.8645,0.954884
-323.6990,-11.8918,0.955477
-321.2589,-10.8964,0.956075
-318.9350,-9.9579,0.956677
-316.9383,-9.1617,0.957132
-314.6793,-8.2737,0.957736
-312.2184,-7.3316,0.958343
-309.7752,-6.4428,0.958953
-307.2774,-5.5960,0.959567
-304.6454,-4.7725,0.960184
-302.1792,-4.0555,0.960802
-299.6463,-3.3790,0.961422
-297.6961,-2.8863,0.961887
-295.7388,-2.4111,0.962353
-293.7719,-1.9551,0.962820
-291.8067,-1.5280,0.963288
-289.2099,-0.9968,0.963914
-287.1841,-0.5981,0.964385
-284.5770,-0.1113,0.965014
-282.5691,0.2410,0.965489
-280.5563,0.5763,0.965965
-278.5253,0.8990,0.966443
-276.4814,1.2012,0.966923
-274.4435,1.4796,0.967406
-272.4005,1.7372,0.967891
-270.2967,1.9855,0.968379
-268.2064,2.2103,0.968869
-265.9797,2.4236,0.969362
-263.2689,2.6431,0.970023
-261.1605,2.7918,0.970522
-258.9943,2.9291,0.971023
-256.8540,3.0489,0.971528
-254.6667,3.1578,0.972035
-252.4991,3.2598,0.972545
-250.2818,3.3565,0.973058
-248.0882,3.4418,0.973574
-245.8065,3.5203,0.974092
-243.6938,3.5822,0.974612
-241.4139,3.6355,0.975134
-239.1635,3.6800,0.975659
-236.9666,3.7165,0.976187
-234.6466,3.7460,0.976716
-232.3825,3.7667,0.977249
-230.0757,3.7777,0.977783
-227.8137,3.7785,0.978320
-225.4775,3.7708,0.978860
-223.1512,3.7557,0.979402
-220.8639,3.7334,0.979946
-218.5080,3.7028,0.980492
-216.1378,3.6622,0.981041
-213.8051,3.6148,0.981592
-211.4211,3.5615,0.982145
-209.0884,3.5033,0.982701
-206.6544,3.4371,0.983258
-204.2622,3.3660,0.983818
-201.8913,3.2879,0.984380
-199.4805,3.2046,0.984945
-197.0479,3.1163,0.985511
-194.6273,3.0249,0.986080
-192.1820,2.9269,0.986651
-189.7447,2.8256,0.987224
-187.3149,2.7235,0.987799
-184.8104,2.6180,0.988374
-182.3819,2.5190,0.988949
-179.9097,2.4166,0.989526
-177.4180,2.3098,0.990104
-174.9603,2.2029,0.990684
-172.4529,2.0897,0.991266
-169.9594,1.9708,0.991851
-167.5056,1.8587,0.992437
-164.9419,1.7414,0.993024
-162.4123,1.6228,0.993614
-159.7614,1.4925,0.994205
-157.3592,1.3773,0.994798
-154.7975,1.2509,0.995392
-152.3143,1.1217,0.995988
-149.7051,0.9823,0.996586
-147.1350,0.8446,0.997186
-144.6214,0.7078,0.997787
-142.0265,0.5631,0.998390
-139.4289,0.4148,0.998994
-136.7998,0.2617,0.999600
