0.0036,0.0040,0.000000
130.8156,-4.2997,0.048091
133.1297,-4.1817,0.048489
135.1337,-4.0795,0.048830
137.3888,-3.9662,0.049228
139.7124,-3.8563,0.049626
142.0110,-3.7441,0.049967
144.3177,-3.6343,0.050364
146.6341,-3.5236,0.050819
148.6511,-3.4313,0.051109
150.7415,-3.3353,0.051528
152.9103,-3.2392,0.051836
155.1808,-3.1395,0.052280
157.3780,-3.0354,0.052671
159.7144,-2.9226,0.053073
162.1264,-2.8113,0.053416
164.1636,-2.7087,0.053766
166.2381,-2.6044,0.054124
168.3903,-2.4971,0.054488
170.5193,-2.3904,0.054860
172.7303,-2.2768,0.055314
175.0264,-2.1617,0.055700
177.2708,-2.0501,0.056093
179.5993,-1.9352,0.056492
181.9354,-1.8143,0.056895
184.3473,-1.6957,0.057304
186.7506,-1.5751,0.057634
189.2113,-1.4464,0.058135
191.7462,-1.3247,0.058473
194.1694,-1.2151,0.058986
196.2383,-1.1219,0.059332
198.3294,-1.0326,0.059593
200.8606,-0.9336,0.060121
202.9434,-0.8548,0.060477
205.0435,-0.7761,0.060746
207.1986,-0.7015,0.061107
209.3465,-0.6307,0.061471
211.4649,-0.5643,0.061838
213.6665,-0.4955,0.062301
215.8392,-0.4303,0.062674
218.0846,-0.3659,0.062956
220.3192,-0.3017,0.063334
222.6377,-0.2463,0.063714
224.8629,-0.1909,0.064189
227.2567,-0.1391,0.064476
229.4740,-0.0921,0.064953
231.8026,-0.0402,0.065238
234.1874,0.0049,0.065710
236.2644,0.0407,0.065991
238.5049,0.0796,0.066364
240.7533,0.1112,0.066823
242.9696,0.1392,0.067186
245.2147,0.1687,0.067455
247.2784,0.1864,0.067897
249.4382,0.2039,0.068158
251.4959,0.2197,0.068501
253.5730,0.2244,0.068840
255.6679,0.2223,0.069174
257.7152,0.2208,0.069585
260.2111,0.2194,0.069988
262.6411,0.2089,0.070385
265.0580,0.1944,0.070775
267.4709,0.1735,0.071082
269.9684,0.1526,0.071531
272.1382,0.1296,0.071887
274.3859,0.1040,0.072163
276.5613,0.0702,0.072501
278.7477,0.0233,0.072832
280.9506,-0.0288,0.073157
283.0813,-0.0877,0.073542
285.1902,-0.1632,0.073858
287.3359,-0.2573,0.074110
289.4766,-0.3590,0.074421
291.5749,-0.4881,0.074792
293.7153,-0.6482,0.075037
295.7895,-0.8351,0.075401
297.8693,-1.0660,0.075641
299.9265,-1.3465,0.075998
302.0056,-1.6942,0.076294
304.3516,-2.1552,0.076648
306.3445,-2.6075,0.076882
308.3264,-3.1293,0.077233
310.2844,-3.7093,0.077466
312.5585,-4.4731,0.077814
314.4368,-5.1829,0.078102
316.2868,-5.9743,0.078389
318.4374,-6.9754,0.078788
320.5735,-8.0789,0.079130
322.6829,-9.2782,0.079476
324.6722,-10.5161,0.079823
326.6975,-11.8754,0.080170
328.6923,-13.3158,0.080518
330.4909,-14.7106,0.080808
332.0585,-16.0105,0.081158
333.5807,-17.3399,0.081392
335.0921,-18.7402,0.081746
336.5217,-20.1459,0.082042
337.9656,-21.6347,0.082281
339.4187,-23.1964,0.082581
340.7878,-24.7437,0.082884
342.1953,-26.3876,0.083190
343.5080,-28.0274,0.083562
344.8403,-29.7455,0.083813
346.1758,-31.5297,0.084130
347.4740,-33.3401,0.084451
348.7671,-35.1975,0.084778
350.0196,-37.0844,0.085109
351.2626,-39.0638,0.085444
352.4464,-41.0602,0.085783
353.6094,-43.1189,0.086126
354.7381,-45.2676,0.086472
355.7852,-47.3718,0.086881
356.8476,-49.6398,0.087157
357.7952,-51.7821,0.087506
358.7649,-54.0633,0.087860
359.6988,-56.3533,0.088219
360.4087,-58.2337,0.088510
361.1066,-60.1514,0.088805
361.7690,-62.0397,0.089103
362.4208,-63.9720,0.089405
363.0586,-65.9465,0.089788
363.6679,-67.9260,0.090021
364.2738,-69.9749,0.090335
364.8617,-72.0579,0.090653
365.3912,-74.0377,0.090976
365.9167,-76.1012,0.091302
366.4235,-78.2165,0.091633
366.9072,-80.3554,0.092054
367.3677,-82.4680,0.092310
367.8125,-84.6333,0.092742
368.2267,-86.8026,0.093004
368.6410,-89.1106,0.093357
369.0000,-91.2375,0.093713
369.3513,-93.4410,0.094076
369.6890,-95.6606,0.094441
370.0059,-97.9045,0.094806
370.2845,-100.0726,0.095169
370.5424,-102.3123,0.095624
370.7794,-104.5071,0.095896
370.9986,-106.7140,0.096261
371.2063,-108.9720,0.096719
371.3836,-111.1945,0.097088
371.5306,-113.4322,0.097461
371.6688,-115.7438,0.097742
371.7768,-118.0510,0.098121
371.8599,-120.3728,0.098601
371.9301,-122.6974,0.098990
371.9861,-125.0124,0.099383
372.0100,-127.3723,0.099781
372.0102,-129.7454,0.100184
372.0100,-132.1758,0.100489
371.9920,-134.5813,0.101004
371.9536,-137.1947,0.101317
371.9046,-139.5597,0.101844
371.8293,-141.9712,0.102270
371.7301,-144.4781,0.102593
371.6234,-146.9476,0.103135
371.4882,-149.5923,0.103573
371.3486,-152.1728,0.103904
371.2098,-154.6539,0.104459
371.0566,-157.1640,0.104794
370.8663,-159.7879,0.105243
370.6337,-162.5276,0.105695
370.4186,-164.9544,0.106149
370.2263,-167.0174,0.106491
369.9903,-169.5827,0.107064
369.7397,-172.2226,0.107525
369.4599,-174.8299,0.107873
369.2245,-176.8177,0.108223
368.9623,-178.8580,0.108573
368.6986,-180.8432,0.108925
368.4292,-182.8366,0.109397
368.1495,-184.8730,0.109633
367.8645,-186.8981,0.109989
367.5686,-188.9305,0.110465
367.2660,-190.9547,0.110704
366.9399,-193.0577,0.111064
366.6096,-195.1114,0.111424
366.2784,-197.1080,0.111907
365.9131,-199.2342,0.112271
365.5597,-201.2533,0.112514
365.1825,-203.3661,0.112879
364.8108,-205.4033,0.113246
364.4228,-207.4950,0.113613
364.0299,-209.5883,0.113982
363.6309,-211.6853,0.114352
363.2114,-213.8752,0.114724
362.8013,-216.0104,0.115096
362.3437,-218.3847,0.115469
361.8618,-220.8768,0.115969
361.3878,-223.3237,0.116471
360.8849,-225.9163,0.116849
360.4643,-228.0815,0.117228
359.9936,-230.5051,0.117607
359.4967,-233.0634,0.118116
359.0335,-235.4551,0.118499
358.5033,-238.2011,0.119011
358.0792,-240.4065,0.119397
357.6617,-242.5852,0.119783
357.2411,-244.7890,0.120171
356.8207,-247.0052,0.120690
356.4042,-249.2065,0.120951
355.9799,-251.4597,0.121473
355.5567,-253.7151,0.121735
355.1454,-255.9179,0.122128
354.7234,-258.1889,0.122655
354.3096,-260.4273,0.123052
353.8968,-262.6721,0.123449
353.4781,-264.9663,0.123848
353.0640,-267.2518,0.124248
352.6455,-269.5804,0.124515
352.2452,-271.8327,0.125051
351.8309,-274.1777,0.125320
351.4359,-276.4414,0.125724
351.0153,-278.8822,0.126264
350.6447,-281.0576,0.126671
350.2545,-283.3862,0.126942
349.8554,-285.8013,0.127351
349.4791,-288.0938,0.127897
349.1024,-290.4421,0.128307
348.7302,-292.8022,0.128719
348.3671,-295.1434,0.128993
348.0044,-297.5456,0.129406
347.6592,-299.8926,0.129958
347.3193,-302.2863,0.130372
346.9871,-304.6972,0.130787
346.6681,-307.0756,0.131063
346.3556,-309.5005,0.131614
346.0227,-312.1897,0.131890
345.7663,-314.3783,0.132440
345.5137,-316.6219,0.132714
345.2605,-318.9953,0.133262
345.0249,-321.3666,0.133672
344.7948,-323.7944,0.133945
344.5876,-326.1165,0.134491
344.3818,-328.5471,0.134764
344.1951,-330.8965,0.135173
344.0188,-333.2777,0.135582
343.8593,-335.6097,0.135991
343.7103,-338.0492,0.136537
343.5833,-340.3699,0.136947
343.4610,-342.8776,0.137357
343.3669,-345.1351,0.137768
343.2807,-347.5727,0.138179
343.2116,-349.9311,0.138589
343.1535,-352.3548,0.138999
343.1065,-354.7321,0.139272
343.0713,-357.0923,0.139680
343.0464,-359.4732,0.140222
343.0317,-361.7806,0.140493
343.0251,-364.1810,0.140896
343.0285,-366.4613,0.141299
343.0427,-368.9307,0.141831
343.0605,-371.1167,0.142097
343.0842,-373.4096,0.142493
343.1135,-375.6729,0.142886
343.1479,-377.9805,0.143278
343.1877,-380.2453,0.143797
343.2307,-382.4598,0.144184
343.2809,-384.8131,0.144441
343.3294,-386.9317,0.144824
343.3822,-389.1103,0.145205
343.4379,-391.2934,0.145709
343.4958,-393.4609,0.145960
343.5558,-395.6400,0.146334
343.6182,-397.7879,0.146829
343.6867,-400.0364,0.147196
343.7722,-402.7142,0.147559
343.8467,-404.9430,0.147918
343.9369,-407.5124,0.148390
344.0101,-409.5123,0.148737
344.1083,-412.1383,0.149191
344.2050,-414.7142,0.149745
344.2974,-417.2168,0.150070
344.3813,-419.6505,0.150494
344.4580,-422.1065,0.150910
344.5195,-424.3757,0.151315
344.5716,-426.7355,0.151711
344.6029,-428.9255,0.152193
344.6210,-431.0596,0.152567
344.6211,-433.1990,0.152931
344.6050,-435.2643,0.153285
344.5651,-437.2984,0.153545
344.4840,-439.7425,0.154050
344.3674,-442.0638,0.154376
344.2056,-444.3534,0.154849
343.9970,-446.6053,0.155154
343.7549,-448.7154,0.155524
343.4638,-450.7832,0.155883
343.1208,-452.7733,0.156230
342.6246,-455.0876,0.156703
342.0256,-457.3591,0.157033
341.3642,-459.5112,0.157423
340.5860,-461.7545,0.157810
339.7398,-463.8851,0.158259
338.8494,-465.9200,0.158646
337.8402,-467.9911,0.159035
336.7732,-469.9947,0.159427
335.6205,-472.0038,0.159753
334.3938,-473.9336,0.160210
333.0979,-475.7790,0.160602
331.7267,-477.5968,0.160930
330.2585,-479.3821,0.161391
328.7033,-481.1014,0.161788
327.1122,-482.7313,0.162187
325.4183,-484.3394,0.162523
323.6555,-485.9133,0.162997
321.7893,-487.4316,0.163340
320.1603,-488.6794,0.163687
318.2312,-490.0843,0.164106
316.5213,-491.2548,0.164531
314.7800,-492.3633,0.164816
312.9672,-493.4598,0.165247
311.1733,-494.4879,0.165535
309.2968,-495.4668,0.165894
307.3559,-496.4078,0.166251
305.5016,-497.2496,0.166676
303.5523,-498.0542,0.167026
301.6412,-498.7884,0.167303
299.7091,-499.4498,0.167647
297.7230,-500.0632,0.168058
295.7754,-500.5894,0.168330
293.7986,-501.0524,0.168672
291.4175,-501.5223,0.169083
289.4272,-501.8545,0.169500
287.3879,-502.1450,0.169781
285.3571,-502.3894,0.170138
283.2500,-502.6147,0.170572
281.1538,-502.8057,0.170862
279.0789,-502.9888,0.171228
276.9695,-503.1837,0.171668
274.8541,-503.3756,0.171961
272.7957,-503.5727,0.172327
270.6969,-503.8034,0.172692
268.6468,-504.0667,0.173128
266.5878,-504.3656,0.173418
264.5081,-504.7099,0.173780
262.4918,-505.0935,0.174139
260.4283,-505.5596,0.174498
258.4402,-506.0783,0.174928
256.4074,-506.6648,0.175215
254.3763,-507.3071,0.175647
252.3411,-508.0163,0.176010
250.3180,-508.7754,0.176304
248.2750,-509.6087,0.176674
246.2869,-510.4869,0.177048
244.2217,-511.4596,0.177428
242.1717,-512.4988,0.177891
240.0755,-513.6357,0.178281
238.1090,-514.7625,0.178677
235.9256,-516.0578,0.178998
233.9971,-517.2358,0.179405
231.9572,-518.5129,0.179901
229.8822,-519.8359,0.180321
227.7814,-521.1906,0.180664
226.0405,-522.3229,0.181096
224.0313,-523.6357,0.181531
222.3125,-524.7590,0.181879
220.2271,-526.1178,0.182225
218.1743,-527.4510,0.182742
216.1808,-528.7294,0.183165
214.1780,-529.9917,0.183578
212.2448,-531.1786,0.183982
210.3984,-532.2697,0.184379
208.5151,-533.3242,0.184770
206.5833,-534.3406,0.185159
204.6527,-535.3066,0.185547
202.7924,-536.1963,0.185934
200.8606,-537.0748,0.186244
198.9274,-537.9143,0.186706
196.9934,-538.7222,0.187012
195.0455,-539.4940,0.187469
193.1154,-540.2054,0.187772
191.1516,-540.8802,0.188149
189.1969,-541.4875,0.188522
187.2727,-542.0392,0.188963
185.3087,-542.5354,0.189329
182.9818,-543.0295,0.189763
180.6769,-543.4178,0.190196
178.3016,-543.7311,0.190556
175.9519,-543.9527,0.191053
173.6113,-544.1073,0.191475
171.2369,-544.1901,0.191825
168.8398,-544.1878,0.192309
166.4468,-544.1005,0.192721
164.1506,-543.9455,0.193062
162.1370,-543.7463,0.193400
159.8711,-543.4288,0.193867
157.5786,-543.0221,0.194197
155.3384,-542.5209,0.194588
153.1594,-541.9290,0.194974
151.0265,-541.2174,0.195354
148.9778,-540.4132,0.195792
146.9795,-539.5242,0.196101
145.0337,-538.5370,0.196528
143.1328,-537.4641,0.196892
141.3062,-536.3246,0.197194
139.4593,-535.0642,0.197557
137.7338,-533.7809,0.197982
136.0364,-532.4087,0.198347
134.3546,-530.9412,0.198654
132.7382,-529.4166,0.199024
131.1771,-527.7890,0.199461
129.6687,-526.0964,0.199840
128.2078,-524.3206,0.200226
126.7898,-522.4809,0.200552
125.3953,-520.5667,0.200948
124.0553,-518.6240,0.201350
122.9225,-516.9145,0.201688
121.6390,-514.8963,0.202100
120.5671,-513.1235,0.202517
119.5317,-511.3374,0.202869
118.4985,-509.4943,0.203154
117.4612,-507.5542,0.203515
116.5365,-505.7091,0.203879
115.6060,-503.7727,0.204249
114.6644,-501.7586,0.204622
113.7572,-499.7449,0.205002
112.8638,-497.6787,0.205386
111.9743,-495.5262,0.205856
111.1299,-493.4032,0.206174
110.2914,-491.2224,0.206577
109.4535,-489.0044,0.206984
108.6410,-486.7534,0.207395
107.8368,-484.4559,0.207810
107.0017,-482.1258,0.208231
106.1686,-479.8502,0.208656
105.3994,-477.8116,0.208999
104.5404,-475.6071,0.209433
103.7833,-473.7232,0.209784
102.9637,-471.7663,0.210228
102.1503,-469.8798,0.210496
101.2899,-467.9503,0.210947
100.4034,-466.0158,0.211312
99.4895,-464.0875,0.211679
98.5353,-462.1321,0.212050
97.5608,-460.1841,0.212330
96.5528,-458.2248,0.212706
95.5053,-456.2420,0.213182
94.4466,-454.2878,0.213470
93.3538,-452.3340,0.213954
92.2032,-450.3283,0.214345
91.0092,-448.3035,0.214640
89.8550,-446.3918,0.215036
88.6277,-444.4119,0.215535
87.3677,-442.4341,0.215837
86.0880,-440.4643,0.216243
84.7259,-438.4131,0.216753
83.4044,-436.4608,0.217062
82.0360,-434.4762,0.217476
80.6436,-432.4921,0.217892
79.2371,-430.5234,0.218310
77.7831,-428.5223,0.218731
76.2736,-426.4828,0.219259
74.8113,-424.5393,0.219578
73.2975,-422.5634,0.220005
71.7546,-420.5859,0.220434
70.1939,-418.6230,0.220866
68.5951,-416.6552,0.221408
66.9613,-414.6775,0.221735
65.3337,-412.7390,0.222173
63.6517,-410.7732,0.222724
62.3230,-409.2454,0.222946
60.6717,-407.3728,0.223390
59.2746,-405.8175,0.223837
57.5620,-403.9360,0.224174
55.7663,-401.9979,0.224625
53.8672,-399.9907,0.225078
52.1469,-398.2068,0.225534
50.6494,-396.6787,0.225877
48.8164,-394.8454,0.226337
46.9128,-392.9716,0.226912
45.4691,-391.5777,0.227257
44.0219,-390.1950,0.227487
42.5227,-388.7783,0.227833
41.0546,-387.4102,0.228179
39.1154,-385.6321,0.228755
37.5780,-384.2427,0.228987
36.0759,-382.9062,0.229450
34.4909,-381.5169,0.229682
32.5161,-379.8121,0.230265
30.8612,-378.4019,0.230499
28.8222,-376.6983,0.231087
27.1345,-375.3054,0.231323
25.5737,-374.0378,0.231797
23.9258,-372.7144,0.232035
21.8269,-371.0553,0.232513
20.2200,-369.8043,0.232873
18.5457,-368.5181,0.233234
16.8189,-367.2108,0.233597
15.1228,-365.9443,0.234082
13.4260,-364.6972,0.234448
11.6765,-363.4284,0.234816
9.8684,-362.1299,0.235062
8.1851,-360.9381,0.235555
6.4691,-359.7366,0.235802
4.6512,-358.4763,0.236175
2.8309,-357.2259,0.236549
1.0654,-356.0245,0.236925
-0.7786,-354.7814,0.237301
-2.5561,-353.5920,0.237679
-4.4270,-352.3545,0.238185
-6.2930,-351.1300,0.238439
-8.1756,-349.9090,0.238821
-10.1093,-348.6670,0.239204
-11.8330,-347.5741,0.239588
-13.9067,-346.2753,0.239974
-15.6752,-345.1841,0.240490
-17.5808,-344.0249,0.240878
-19.5388,-342.8468,0.241268
-21.4881,-341.6925,0.241659
-23.4339,-340.5538,0.241920
-25.4258,-339.4062,0.242444
-27.3675,-338.2979,0.242707
-29.4150,-337.1461,0.243103
-31.5310,-335.9733,0.243500
-33.4519,-334.9271,0.243897
-35.4927,-333.8315,0.244297
-37.5243,-332.7550,0.244697
-39.5934,-331.6776,0.245099
-41.7166,-330.5873,0.245502
-43.7631,-329.5555,0.246040
-45.9579,-328.4645,0.246310
-48.0222,-327.4526,0.246716
-50.2374,-326.3864,0.247123
-52.2961,-325.4107,0.247531
-54.4137,-324.4290,0.248077
-56.5944,-323.4316,0.248351
-58.7547,-322.4652,0.248762
-60.9854,-321.4867,0.249312
-63.1746,-320.5462,0.249588
-65.3649,-319.6204,0.250002
-67.6259,-318.6836,0.250418
-69.8767,-317.7680,0.250974
-72.1428,-316.8612,0.251253
-74.3607,-315.9904,0.251672
-76.6824,-315.0992,0.252232
-78.9232,-314.2514,0.252513
-81.2390,-313.3938,0.253076
-83.5609,-312.5476,0.253359
-85.8818,-311.7180,0.253783
-88.1871,-310.9123,0.254351
-90.5588,-310.0965,0.254636
-92.8833,-309.3120,0.255063
-95.2123,-308.5410,0.255491
-97.6511,-307.7490,0.255919
-100.0557,-306.9835,0.256349
-102.4507,-306.2374,0.256779
-104.7982,-305.5233,0.257209
-107.1991,-304.8139,0.257785
-109.5459,-304.1375,0.258073
-112.0400,-303.4439,0.258506
-114.4974,-302.7810,0.259084
-116.9150,-302.1488,0.259519
-119.3750,-301.5231,0.259809
-121.8936,-300.9136,0.260391
-124.2959,-300.3506,0.260682
-126.9255,-299.7650,0.261265
-129.2998,-299.2589,0.261704
-131.8250,-298.7428,0.262143
-134.2818,-298.2594,0.262583
-136.8324,-297.7759,0.262877
-139.3570,-297.3209,0.263319
-141.8928,-296.8866,0.263761
-144.4304,-296.4739,0.264204
-146.9950,-296.0825,0.264796
-149.7225,-295.6838,0.265092
-152.1179,-295.3546,0.265538
-154.6850,-295.0187,0.265983
-157.2592,-294.7021,0.266430
-159.8178,-294.4043,0.266878
-162.5081,-294.1084,0.267326
-165.0901,-293.8419,0.267925
-167.6542,-293.5924,0.268225
-170.1858,-293.3629,0.268676
-172.1946,-293.1897,0.268977
-174.6598,-292.9902,0.269429
-177.2612,-292.7950,0.270033
-179.9259,-292.6042,0.270336
-182.5385,-292.4292,0.270942
-184.6917,-292.2928,0.271094
-186.9166,-292.1621,0.271702
-189.5698,-292.0150,0.272007
-192.2228,-291.8768,0.272465
-194.8979,-291.7537,0.273077
-197.5863,-291.6394,0.273538
-200.2687,-291.5368,0.273845
-202.9427,-291.4439,0.274307
-205.6275,-291.3622,0.274923
-208.3289,-291.2895,0.275232
-211.0583,-291.2235,0.275696
-213.6679,-291.1693,0.276161
-216.4017,-291.1214,0.276627
-219.0750,-291.0821,0.277249
-221.7625,-291.0514,0.277561
-224.5301,-291.0248,0.278030
-227.2801,-291.0057,0.278499
-230.0083,-290.9931,0.279126
-232.7245,-290.9859,0.279597
-235.4467,-290.9838,0.279911
-238.2194,-290.9874,0.280541
-240.8845,-290.9961,0.281015
-243.7692,-291.0098,0.281489
-246.4222,-291.0259,0.281806
-249.1733,-291.0465,0.282282
-251.9401,-291.0711,0.282758
-254.7405,-291.1009,0.283236
-257.5351,-291.1346,0.283714
-260.2409,-291.1717,0.284352
-263.0610,-291.2131,0.284832
-265.8240,-291.2567,0.285152
-268.6367,-291.3029,0.285634
-271.4012,-291.3498,0.286116
-274.2910,-291.3994,0.286598
-277.0667,-291.4484,0.287243
-279.9877,-291.5007,0.287566
-282.6907,-291.5497,0.288213
-285.5445,-291.6020,0.288699
-288.2840,-291.6522,0.289024
-291.1289,-291.7028,0.289674
-293.9067,-291.7520,0.290162
-296.8271,-291.8016,0.290651
-299.6210,-291.8465,0.290978
-302.4743,-291.8878,0.291632
-305.3427,-291.9256,0.291959
-308.2024,-291.9590,0.292452
-311.0391,-291.9882,0.293109
-313.8961,-292.0145,0.293438
-316.7978,-292.0343,0.294097
-318.8711,-292.0455,0.294262
-321.5437,-292.0560,0.294758
-323.7438,-292.0607,0.295089
-326.3387,-292.0625,0.295586
-329.2424,-292.0607,0.296083
-332.1019,-292.0553,0.296748
-335.0060,-292.0477,0.297247
-337.8502,-292.0382,0.297747
-340.8426,-292.0238,0.298248
-343.6994,-292.0057,0.298582
-345.7304,-291.9920,0.299084
-348.5186,-291.9716,0.299419
-351.5231,-291.9473,0.300089
-354.3568,-291.9230,0.300423
-357.4490,-291.8923,0.301092
-360.1549,-291.8635,0.301426
-363.0662,-291.8304,0.301927
-365.9766,-291.7970,0.302426
-368.9835,-291.7616,0.302924
-371.7543,-291.7275,0.303422
-374.6108,-291.6895,0.303917
-377.4245,-291.6515,0.304575
-380.3067,-291.6116,0.305067
-383.1300,-291.5722,0.305394
-385.9628,-291.5283,0.306044
-388.7944,-291.4839,0.306368
-391.5633,-291.4369,0.306851
-393.8706,-291.3975,0.307172
-396.2054,-291.3574,0.307810
-399.0441,-291.3057,0.308127
-401.6717,-291.2559,0.308599
-404.4353,-291.2039,0.309068
-407.0995,-291.1536,0.309533
-409.7350,-291.1046,0.309994
-412.4134,-291.0539,0.310451
-415.0247,-291.0039,0.310904
-417.6231,-290.9536,0.311354
-420.1418,-290.9052,0.311801
-422.7529,-290.8558,0.312393
-425.2969,-290.8095,0.312687
-427.8365,-290.7632,0.313272
-430.3786,-290.7182,0.313708
-432.9299,-290.6755,0.313997
-435.3574,-290.6381,0.314430
-437.8808,-290.5997,0.315003
-440.4077,-290.5625,0.315288
-442.8314,-290.5285,0.315713
-445.6290,-290.4903,0.316135
-447.6728,-290.4637,0.316694
-450.3102,-290.4319,0.316972
-452.4957,-290.4026,0.317525
-454.8966,-290.3708,0.317800
-457.2645,-290.3426,0.318210
-459.6131,-290.3199,0.318753
-461.9476,-290.3033,0.319155
-464.2342,-290.2942,0.319552
-466.5269,-290.2909,0.319815
-468.7980,-290.2949,0.320205
-471.0389,-290.3083,0.320591
-473.1997,-290.3288,0.321098
-475.4041,-290.3536,0.321348
-477.5290,-290.3862,0.321842
-479.6736,-290.4246,0.322086
-481.8335,-290.4695,0.322448
-484.5134,-290.5340,0.323039
-487.1202,-290.6046,0.323387
-489.1942,-290.6652,0.323843
-491.7267,-290.7427,0.324289
-493.7449,-290.8058,0.324617
-496.0729,-290.8780,0.324941
-498.5169,-290.9523,0.325366
-500.9580,-291.0212,0.325781
-503.3168,-291.0820,0.326289
-505.7344,-291.1352,0.326587
-507.8357,-291.1725,0.327074
-510.0378,-291.2013,0.327359
-512.1796,-291.2192,0.327733
-514.3350,-291.2252,0.328101
-516.4295,-291.2191,0.328465
-518.5457,-291.2039,0.328825
-520.5465,-291.1843,0.329182
-522.6374,-291.1622,0.329535
-524.6482,-291.1419,0.329968
-527.0858,-291.1218,0.330307
-529.5202,-291.1053,0.330803
-531.7956,-291.0936,0.331204
-534.0541,-291.0862,0.331518
-536.2598,-291.0883,0.331900
-538.4200,-291.1021,0.332273
-540.5348,-291.1297,0.332639
-542.6259,-291.1798,0.333070
-544.6990,-291.2517,0.333355
-546.7248,-291.3403,0.333708
-548.7790,-291.4605,0.334060
-550.7864,-291.6120,0.334409
-552.7971,-291.8002,0.334758
-554.8195,-292.0346,0.335174
-557.1748,-292.3749,0.335587
-559.2165,-292.7237,0.335861
-561.4153,-293.1756,0.336268
-563.6984,-293.7366,0.336738
-565.9105,-294.3813,0.337133
-568.0119,-295.0942,0.337525
-570.0762,-295.9009,0.337850
-572.0307,-296.7916,0.338303
-573.9584,-297.7984,0.338626
-575.7523,-298.8822,0.339014
-577.4629,-300.0724,0.339466
-579.1072,-301.3642,0.339785
-580.6114,-302.6855,0.340155
-582.0278,-304.0994,0.340566
-583.5733,-305.8252,0.340903
-584.9639,-307.6017,0.341330
-586.2003,-309.4325,0.341687
-587.2765,-311.2784,0.342030
-588.2229,-313.1834,0.342314
-589.0219,-315.0766,0.342634
-589.7365,-317.2716,0.343027
-590.2395,-319.3934,0.343363
-590.5541,-321.5041,0.343646
-590.6820,-323.5676,0.343960
-590.6206,-325.6328,0.344266
-590.3639,-327.7506,0.344607
-589.9137,-329.8946,0.344950
-589.3547,-331.8412,0.345261
-588.6902,-333.7307,0.345580
-587.9134,-335.5864,0.345908
-586.9905,-337.5078,0.346247
-586.0017,-339.3411,0.346641
-584.8879,-341.2366,0.346955
-583.6783,-343.1139,0.347327
-582.5394,-344.7771,0.347665
-581.3128,-346.4733,0.348014
-579.9907,-348.2284,0.348377
-578.6384,-349.9751,0.348752
-577.2293,-351.7823,0.349138
-575.9888,-353.4068,0.349476
-574.6269,-355.2628,0.349934
-573.4111,-357.0014,0.350227
-572.2449,-358.7756,0.350582
-571.1772,-360.5214,0.350944
-570.0932,-362.3973,0.351312
-569.0667,-364.3182,0.351687
-568.0686,-366.2953,0.352068
-567.1145,-368.3375,0.352455
-566.2000,-370.4023,0.352909
-565.2471,-372.6365,0.353233
-564.4660,-374.5445,0.353620
-563.6412,-376.6343,0.354008
-562.8098,-378.8200,0.354395
-562.0477,-380.9146,0.354849
-561.3174,-382.9749,0.355237
-560.5790,-385.0926,0.355561
-559.8388,-387.2731,0.355948
-559.1379,-389.3484,0.356337
-558.4135,-391.4980,0.356727
-557.6607,-393.7096,0.357121
-556.8934,-395.9173,0.357587
-556.0941,-398.1381,0.357995
-555.3879,-400.0213,0.358341
-554.6458,-401.9254,0.358623
-553.8442,-403.8864,0.358982
-552.9655,-405.9289,0.359345
-552.1113,-407.8121,0.359789
-551.1754,-409.7949,0.360090
-550.2010,-411.7680,0.360468
-549.1667,-413.7734,0.360851
-548.0652,-415.8182,0.361317
-547.0007,-417.7277,0.361709
-545.8456,-419.7373,0.362026
-544.6403,-421.7653,0.362425
-543.4002,-423.7823,0.362830
-542.0535,-425.8843,0.363239
-540.7881,-427.7991,0.363653
-539.3888,-429.8467,0.364071
-537.9560,-431.8801,0.364580
-536.4301,-433.9809,0.364923
-534.9505,-435.9492,0.365443
-533.7036,-437.5687,0.365794
-532.4201,-439.2066,0.366059
-531.1227,-440.8308,0.366416
-529.8034,-442.4500,0.366867
-528.4373,-444.0981,0.367140
-527.0374,-445.7564,0.367599
-525.6475,-447.3805,0.367970
-524.1900,-449.0591,0.368345
-522.7252,-450.7164,0.368723
-521.1745,-452.4437,0.369106
-519.7292,-454.0348,0.369395
-518.1935,-455.6997,0.369880
-516.5797,-457.4249,0.370174
-515.0517,-459.0382,0.370568
-513.4195,-460.7308,0.371066
-511.7996,-462.3896,0.371467
-510.1936,-464.0101,0.371871
-508.4636,-465.7287,0.372279
-506.7531,-467.4020,0.372689
-505.0635,-469.0336,0.372999
-503.1911,-470.8142,0.373415
-501.4731,-472.4258,0.373939
-499.6891,-474.0753,0.374361
-497.8451,-475.7505,0.374678
-495.9951,-477.4018,0.375211
-494.1220,-479.0469,0.375639
-492.1958,-480.7068,0.375962
-490.2881,-482.3140,0.376503
-488.3396,-483.9218,0.376829
-486.2147,-485.6258,0.377266
-484.3281,-487.0989,0.377704
-482.2719,-488.6670,0.378144
-480.2012,-490.2059,0.378587
-478.1041,-491.7207,0.379141
-475.9770,-493.2214,0.379474
-473.8365,-494.6908,0.379919
-471.5944,-496.1845,0.380363
-469.5160,-497.5329,0.380807
-467.3037,-498.9370,0.381251
-465.0954,-500.2850,0.381806
-462.9102,-501.5882,0.382138
-460.6469,-502.8997,0.382582
-458.2748,-504.2332,0.383139
-456.0950,-505.4252,0.383585
-453.7808,-506.6459,0.383921
-451.4511,-507.8359,0.384483
-449.1389,-508.9817,0.384935
-446.6264,-510.1878,0.385275
-444.3295,-511.2571,0.385730
-442.4800,-512.1012,0.386072
-440.0824,-513.1655,0.386645
-437.6416,-514.2245,0.386989
-435.6835,-515.0519,0.387449
-433.3596,-516.0179,0.387909
-431.4606,-516.7952,0.388255
-428.9697,-517.8001,0.388601
-427.1016,-518.5431,0.388947
-424.6098,-519.5209,0.389524
-422.7362,-520.2490,0.389870
-420.8484,-520.9777,0.390101
-418.9559,-521.7032,0.390447
-417.0732,-522.4194,0.390794
-415.1870,-523.1337,0.391140
-413.1534,-523.8985,0.391485
-410.8458,-524.7607,0.391946
-408.8510,-525.5016,0.392291
-406.4623,-526.3838,0.392866
-403.9479,-527.3088,0.393210
-401.5069,-528.2021,0.393668
-399.6063,-528.8957,0.394011
-397.1355,-529.7944,0.394468
-394.6422,-530.7023,0.395038
-392.7492,-531.3914,0.395265
-390.7676,-532.1136,0.395607
-388.4382,-532.9651,0.396061
-385.9725,-533.8681,0.396515
-383.4683,-534.7904,0.397081
-381.0403,-535.6882,0.397420
-379.0720,-536.4199,0.397758
-376.7352,-537.2927,0.398322
-374.2821,-538.2164,0.398660
-371.7794,-539.1617,0.399109
-369.4189,-540.0564,0.399558
-367.2736,-540.8743,0.399894
-365.1228,-541.6993,0.400342
-363.0669,-542.4931,0.400789
-360.9526,-543.3140,0.401124
-358.5626,-544.2487,0.401683
-356.1044,-545.2147,0.402129
-353.7511,-546.1411,0.402464
-351.3644,-547.0789,0.402910
-349.4423,-547.8330,0.403244
-347.1593,-548.7249,0.403690
-344.7605,-549.6545,0.404245
-342.4357,-550.5481,0.404577
-340.0166,-551.4723,0.405019
-337.7052,-552.3503,0.405459
-335.3310,-553.2471,0.405897
-332.9706,-554.1336,0.406333
-330.6674,-554.9949,0.406766
-328.2958,-555.8753,0.407198
-326.3572,-556.5931,0.407520
-324.2532,-557.3721,0.407948
-322.0154,-558.2007,0.408373
-319.6994,-559.0582,0.408900
-317.4495,-559.8906,0.409215
-315.1907,-560.7268,0.409632
-312.9407,-561.5602,0.410045
-310.7136,-562.3865,0.410455
-308.5349,-563.1984,0.410862
-306.3574,-564.0154,0.411266
-304.1838,-564.8374,0.411667
-302.0716,-565.6454,0.412066
-299.9126,-566.4836,0.412462
-297.7785,-567.3255,0.412953
-295.7056,-568.1560,0.413246
-293.6011,-569.0151,0.413635
-291.5091,-569.8817,0.414117
-289.5016,-570.7306,0.414501
-287.4515,-571.6148,0.414787
-285.4293,-572.5046,0.415167
-283.4606,-573.3844,0.415545
-281.4255,-574.3117,0.415921
-279.4758,-575.2168,0.416294
-277.4117,-576.1933,0.416666
-275.1078,-577.3129,0.417219
-273.2347,-578.2418,0.417585
-271.2855,-579.2285,0.417859
-269.4451,-580.1753,0.418222
-267.5911,-581.1493,0.418583
-265.7584,-582.1365,0.418942
-263.9208,-583.1469,0.419390
-262.1177,-584.1577,0.419657
-260.3227,-585.1921,0.420013
-258.5440,-586.2361,0.420368
-256.7741,-587.3004,0.420722
-255.0265,-588.3774,0.421075
-253.2872,-589.4844,0.421427
-251.5880,-590.6045,0.421780
-249.8572,-591.7741,0.422132
-248.1964,-592.9311,0.422484
-246.5634,-594.0892,0.422836
-244.8738,-595.3152,0.423276
-243.1218,-596.6214,0.423540
-241.2123,-598.0804,0.423980
-239.5929,-599.3519,0.424331
-237.9526,-600.6626,0.424683
-236.0014,-602.2538,0.425122
-234.4367,-603.5562,0.425561
-232.8849,-604.8704,0.425825
-231.3193,-606.2181,0.426177
-229.7828,-607.5606,0.426529
-228.2553,-608.9136,0.426881
-226.7146,-610.2936,0.427233
-225.2121,-611.6566,0.427585
-223.6957,-613.0502,0.428025
-222.1788,-614.4532,0.428377
-220.7079,-615.8195,0.428640
-219.2063,-617.2173,0.428992
-217.7118,-618.6142,0.429344
-216.1921,-620.0385,0.429695
-214.3654,-621.7549,0.430223
-212.8937,-623.1400,0.430487
-211.4138,-624.5336,0.430839
-209.8955,-625.9642,0.431190
-208.0691,-627.6862,0.431630
-206.5776,-629.0928,0.431982
-205.1075,-630.4804,0.432334
-203.6351,-631.8709,0.432685
-202.1244,-633.2973,0.433125
-200.6433,-634.6959,0.433389
-199.1796,-636.0790,0.433741
-197.6807,-637.4947,0.434093
-195.8657,-639.2099,0.434621
-194.3454,-640.6476,0.434885
-192.4696,-642.4228,0.435325
-190.6908,-644.1114,0.435853
-189.1949,-645.5371,0.436206
-187.7196,-646.9475,0.436470
-186.2572,-648.3509,0.436823
-184.7707,-649.7824,0.437265
-183.2658,-651.2341,0.437530
-181.4460,-652.9954,0.438060
-179.9726,-654.4242,0.438326
-178.5060,-655.8487,0.438680
-177.0294,-657.2857,0.439123
-175.5538,-658.7204,0.439478
-174.1074,-660.1312,0.439745
-172.5961,-661.6071,0.440101
-171.0639,-663.1042,0.440457
-169.2903,-664.8386,0.440993
-167.7954,-666.2992,0.441262
-166.3135,-667.7470,0.441620
-164.8160,-669.2134,0.441979
-163.3336,-670.6630,0.442339
-161.7689,-672.1922,0.442699
-160.3370,-673.5928,0.443150
-158.8470,-675.0561,0.443510
-157.3894,-676.4908,0.443780
-155.8742,-677.9836,0.444140
-154.3989,-679.4397,0.444591
-152.8641,-680.9536,0.444861
-151.4195,-682.3822,0.445221
-149.8168,-683.9725,0.445671
-148.0363,-685.7422,0.446122
-146.6020,-687.1724,0.446393
-145.1131,-688.6602,0.446754
-143.6687,-690.1059,0.447115
-142.1697,-691.6100,0.447477
-140.6870,-693.1008,0.447840
-139.1931,-694.6073,0.448204
-137.7094,-696.1071,0.448660
-136.2438,-697.5923,0.449027
-134.7170,-699.1428,0.449303
-133.2084,-700.6785,0.449766
-131.7289,-702.1861,0.450045
-130.1874,-703.7623,0.450419
-128.6430,-705.3441,0.450795
-127.1320,-706.8951,0.451174
-125.5985,-708.4748,0.451555
-124.0380,-710.0887,0.452036
-122.4808,-711.7045,0.452424
-120.9034,-713.3457,0.452717
-119.3343,-714.9830,0.453111
-117.7427,-716.6486,0.453507
-116.1523,-718.3172,0.453907
-114.5317,-720.0240,0.454411
-112.9106,-721.7358,0.454818
-111.2784,-723.4622,0.455125
-109.6330,-725.2056,0.455537
-107.9972,-726.9406,0.455951
-106.2759,-728.7659,0.456367
-104.6966,-730.4426,0.456888
-103.0079,-732.2346,0.457305
-101.3880,-733.9530,0.457617
-99.7317,-735.7091,0.458137
-98.0772,-737.4643,0.458447
-96.4483,-739.1903,0.458859
-94.7930,-740.9438,0.459269
-93.1828,-742.6473,0.459676
-91.5692,-744.3515,0.460081
-89.9580,-746.0490,0.460581
-88.3879,-747.6983,0.460978
-86.8383,-749.3204,0.461371
-85.2574,-750.9712,0.461760
-83.7232,-752.5688,0.462146
-82.1698,-754.1824,0.462433
-80.6575,-755.7467,0.462813
-79.1428,-757.3086,0.463281
-77.6672,-758.8224,0.463557
-76.1934,-760.3302,0.464011
-74.7586,-761.7919,0.464366
-73.3156,-763.2549,0.464715
-71.8762,-764.7083,0.464973
-70.2203,-766.3725,0.465394
-68.5439,-768.0464,0.465805
-66.8919,-769.6863,0.466206
-65.2746,-771.2811,0.466677
-63.6493,-772.8717,0.467061
-62.1058,-774.3715,0.467439
-60.5877,-775.8321,0.467737
-58.9885,-777.3449,0.468180
-57.4572,-778.7704,0.468473
-55.9168,-780.1692,0.468908
-54.3768,-781.5250,0.469196
-52.7715,-782.8947,0.469555
-51.1585,-784.1949,0.469911
-49.1952,-785.6765,0.470336
-47.2487,-787.0202,0.470757
-45.5523,-788.1078,0.471104
-43.5096,-789.3104,0.471516
-41.4493,-790.4082,0.471990
-39.3846,-791.4088,0.472389
-37.2645,-792.3272,0.472781
-35.1789,-793.1351,0.473103
-33.0814,-793.8346,0.473546
-31.0207,-794.4342,0.473858
-28.9239,-794.9409,0.474289
-26.8654,-795.3542,0.474592
-24.8282,-795.6747,0.475008
-22.8027,-795.8966,0.475356
-20.7747,-796.0219,0.475638
-18.7596,-796.0367,0.476026
-16.5803,-795.9283,0.476351
-14.4013,-795.6792,0.476722
-12.2859,-795.3123,0.477087
-10.1779,-794.8172,0.477447
-8.1863,-794.2148,0.477855
-6.2496,-793.5064,0.478159
-4.3565,-792.6883,0.478511
-2.5221,-791.7667,0.478862
-0.7353,-790.7516,0.479215
1.0367,-789.6414,0.479574
2.7978,-788.4283,0.479940
4.5496,-787.1168,0.480371
6.2974,-785.7177,0.480704
7.8315,-784.4025,0.481046
9.3148,-783.0428,0.481396
10.7623,-781.6396,0.481757
12.2538,-780.1232,0.482128
13.7349,-778.5314,0.482578
15.2342,-776.8466,0.482909
16.7260,-775.1085,0.483318
18.2690,-773.2630,0.483738
19.5482,-771.7054,0.484096
20.8634,-770.0983,0.484461
22.1636,-768.4948,0.484833
23.5148,-766.8324,0.485212
24.9246,-765.1043,0.485674
26.3134,-763.3972,0.486063
27.7536,-761.6401,0.486378
29.2030,-759.8998,0.486855
30.7031,-758.1266,0.487256
32.2492,-756.3358,0.487662
33.8252,-754.5543,0.487986
35.4208,-752.7982,0.488394
37.0784,-751.0173,0.488889
38.7860,-749.2355,0.489223
40.5143,-747.4886,0.489644
41.9662,-746.0703,0.489985
43.4627,-744.6671,0.490416
44.9586,-743.3060,0.490764
46.5253,-741.9283,0.491028
48.1059,-740.5976,0.491383
49.6916,-739.3088,0.491740
51.4184,-737.9525,0.492100
53.0209,-736.7305,0.492552
54.7278,-735.4603,0.492824
56.4982,-734.1781,0.493187
58.1488,-733.0132,0.493551
59.8428,-731.8434,0.493915
61.6045,-730.6498,0.494280
63.3495,-729.4943,0.494645
65.1647,-728.3258,0.495011
66.9675,-727.1965,0.495378
68.7484,-726.1109,0.495745
70.6081,-725.0124,0.496113
72.4679,-723.9509,0.496481
74.3110,-722.9378,0.496940
76.2437,-721.9160,0.497215
78.1454,-720.9466,0.497582
80.0266,-720.0256,0.498041
81.9853,-719.1053,0.498315
83.9138,-718.2444,0.498773
85.8627,-717.4157,0.499048
87.8462,-716.6171,0.499415
89.8720,-715.8463,0.499782
91.8877,-715.1212,0.500149
93.9470,-714.4237,0.500517
95.9741,-713.7805,0.500885
98.0051,-713.1766,0.501347
100.0866,-712.5934,0.501626
102.2274,-712.0359,0.501998
104.3616,-711.5263,0.502465
106.5109,-711.0643,0.502841
108.6463,-710.6365,0.503124
110.8833,-710.2389,0.503503
113.0437,-709.8993,0.503981
115.3072,-709.5915,0.504270
117.5089,-709.3344,0.504657
119.8231,-709.1089,0.505047
122.1291,-708.9359,0.505441
124.3792,-708.8050,0.505837
126.7675,-708.7160,0.506236
129.0814,-708.6800,0.506639
131.4632,-708.6921,0.507044
133.8309,-708.7507,0.507452
136.2034,-708.8573,0.507863
138.6245,-709.0154,0.508276
140.9984,-709.2153,0.508692
143.4680,-709.4752,0.509216
145.8882,-709.7786,0.509638
148.4116,-710.1417,0.510063
150.7777,-710.5134,0.510383
153.2689,-710.9368,0.510813
155.7509,-711.3865,0.511245
158.2344,-711.8673,0.511681
160.6787,-712.3758,0.512229
163.1907,-712.9263,0.512560
165.1804,-713.3880,0.512893
167.5720,-713.9679,0.513339
170.1105,-714.6145,0.513787
172.6442,-715.2975,0.514238
175.1292,-715.9967,0.514806
177.6747,-716.7470,0.515263
180.2046,-717.5245,0.515607
182.7163,-718.3272,0.516067
184.7532,-718.9938,0.516414
187.2021,-719.8190,0.516878
189.1028,-720.4761,0.517228
190.9957,-721.1479,0.517579
192.9373,-721.8525,0.517931
195.4758,-722.7969,0.518403
197.3555,-723.5125,0.518758
199.2603,-724.2499,0.519114
201.1796,-725.0104,0.519472
203.1175,-725.7911,0.519830
205.0607,-726.5920,0.520311
206.9944,-727.4022,0.520552
209.0001,-728.2536,0.520914
211.5062,-729.3380,0.521399
213.4359,-730.1832,0.521764
215.4264,-731.0650,0.522129
217.2664,-731.8882,0.522494
219.2023,-732.7630,0.522858
221.1232,-733.6350,0.523221
223.0024,-734.4944,0.523584
224.9025,-735.3658,0.523946
226.8472,-736.2584,0.524308
228.7317,-737.1236,0.524670
230.6310,-737.9945,0.525031
232.5511,-738.8723,0.525393
234.4576,-739.7409,0.525754
236.4095,-740.6231,0.526116
238.2926,-741.4625,0.526599
240.2396,-742.3180,0.526841
242.1778,-743.1499,0.527325
244.0762,-743.9470,0.527567
246.0778,-744.7619,0.527930
248.0455,-745.5371,0.528295
249.9539,-746.2621,0.528659
252.3476,-747.1340,0.529024
254.6593,-747.9340,0.529512
256.7241,-748.6085,0.529878
258.7667,-749.2479,0.530245
260.7717,-749.8451,0.530613
262.8746,-750.4362,0.530980
265.0175,-751.0104,0.531348
267.0354,-751.5212,0.531716
269.1205,-752.0183,0.532085
271.2435,-752.4894,0.532454
273.3669,-752.9280,0.532823
275.4487,-753.3284,0.533193
277.6449,-753.7154,0.533564
279.7351,-754.0502,0.533935
281.9024,-754.3679,0.534307
284.1030,-754.6599,0.534804
286.2449,-754.9230,0.535053
288.4825,-755.1653,0.535553
290.6465,-755.3795,0.535930
292.8448,-755.5655,0.536307
295.0627,-755.7312,0.536686
297.2703,-755.8757,0.536939
300.0919,-756.0411,0.537320
302.5003,-756.1631,0.537830
304.7589,-756.2620,0.538213
306.9620,-756.3479,0.538597
309.2013,-756.4291,0.538981
311.4231,-756.5072,0.539366
313.7524,-756.5921,0.539749
315.8445,-756.6742,0.540131
318.1564,-756.7757,0.540511
320.1886,-756.8718,0.540888
322.3209,-756.9841,0.541262
324.4351,-757.1108,0.541631
326.5368,-757.2534,0.541996
328.5711,-757.4071,0.542356
330.6197,-757.5779,0.542711
333.2207,-757.8106,0.543176
335.8313,-758.0619,0.543633
338.3587,-758.3177,0.544080
340.8326,-758.5788,0.544628
343.2629,-758.8442,0.544950
345.6753,-759.1141,0.545479
348.0192,-759.3849,0.545790
350.3907,-759.6628,0.546199
352.6837,-759.9407,0.546602
354.9527,-760.2204,0.547000
357.1757,-760.4949,0.547392
359.4327,-760.7660,0.547875
361.6067,-761.0145,0.548257
363.9070,-761.2533,0.548541
366.0127,-761.4442,0.548917
368.1627,-761.6059,0.549289
370.3732,-761.7265,0.549659
372.4121,-761.7907,0.550117
374.4727,-761.7999,0.550481
376.5577,-761.7643,0.550752
378.6334,-761.6675,0.551111
380.6779,-761.5060,0.551555
383.2069,-761.2302,0.551908
385.6784,-760.8743,0.552346
388.1300,-760.4326,0.552782
390.5189,-759.9188,0.553216
392.9092,-759.3201,0.553736
395.3024,-758.6576,0.554166
397.6187,-757.9726,0.554509
399.9343,-757.2364,0.554934
402.2420,-756.4345,0.555357
404.4938,-755.5972,0.555861
406.7468,-754.7030,0.556195
408.9332,-753.7757,0.556689
411.0381,-752.7995,0.557015
413.1336,-751.7162,0.557499
415.0698,-750.6165,0.557897
416.9863,-749.4435,0.558211
418.8637,-748.1974,0.558596
420.6210,-746.9325,0.558973
422.3454,-745.5853,0.559418
423.9683,-744.2062,0.559781
425.5424,-742.7763,0.560138
427.0564,-741.3058,0.560490
428.4747,-739.8284,0.560766
429.8032,-738.3143,0.561106
431.0775,-736.7370,0.561440
432.2848,-735.1330,0.561767
433.5805,-733.2623,0.562153
434.7874,-731.3380,0.562531
435.8939,-729.3869,0.562905
436.8906,-727.4111,0.563272
437.7688,-725.4604,0.563693
438.5686,-723.4327,0.564050
439.2405,-721.4523,0.564346
439.8559,-719.3934,0.564701
440.3806,-717.3545,0.565057
440.8594,-715.2448,0.565418
441.2859,-713.0896,0.565848
441.6652,-710.8782,0.566164
441.9577,-708.8737,0.566486
442.2280,-706.5518,0.566884
442.4480,-704.1416,0.567363
442.6125,-701.7421,0.567785
442.7178,-699.6391,0.568071
442.7828,-697.4944,0.568436
442.8069,-695.3179,0.568809
442.7900,-693.0375,0.569189
442.7377,-690.7908,0.569577
442.6422,-688.4904,0.570051
442.5095,-686.1681,0.570371
442.3497,-683.8250,0.570777
442.1712,-681.4308,0.571188
441.9817,-678.9773,0.571605
441.7969,-676.5874,0.572114
441.6418,-674.5523,0.572457
441.4865,-672.5044,0.572804
441.3061,-670.0641,0.573243
441.1574,-668.0069,0.573598
441.0191,-665.9507,0.573865
440.8881,-663.8548,0.574316
440.7689,-661.7463,0.574588
440.6656,-659.6388,0.574955
440.5776,-657.5134,0.575325
440.5041,-655.3370,0.575792
440.4438,-653.1572,0.576074
440.3967,-650.9336,0.576454
440.3593,-648.7165,0.576836
440.3382,-646.5101,0.577222
440.3191,-644.2110,0.577611
440.2980,-641.9964,0.578003
440.2787,-639.6794,0.578398
440.2629,-637.3485,0.578796
440.2489,-635.0019,0.579198
440.2317,-632.6803,0.579704
440.2109,-630.2810,0.580010
440.1840,-627.9160,0.580525
440.1524,-625.5205,0.580940
440.1146,-622.9820,0.581253
440.0709,-620.6497,0.581674
440.0205,-618.2114,0.582097
439.9622,-615.5997,0.582524
439.9020,-613.2557,0.582953
439.8340,-610.7428,0.583386
439.7591,-608.0967,0.583822
439.6840,-605.5993,0.584260
439.6050,-603.1122,0.584700
439.5201,-600.5558,0.585142
439.4305,-597.9243,0.585698
439.3390,-595.2888,0.586034
439.2481,-592.7255,0.586483
439.1546,-590.1485,0.586935
439.0570,-587.5505,0.587389
438.9514,-584.8302,0.587845
438.8491,-582.2264,0.588303
438.7680,-580.2261,0.588648
438.6836,-578.1939,0.588995
438.5988,-576.1757,0.589343
438.5113,-574.1327,0.589692
438.4241,-572.1198,0.590042
438.3066,-569.4377,0.590512
438.2152,-567.3429,0.590865
438.1228,-565.1877,0.591220
438.0106,-562.5231,0.591695
437.9255,-560.4910,0.592053
437.8411,-558.4067,0.592412
437.7559,-556.2559,0.592772
437.6760,-554.2047,0.593134
437.5976,-552.1332,0.593497
437.5194,-550.0102,0.593861
437.4440,-547.9014,0.594227
437.3703,-545.7453,0.594717
437.2994,-543.6026,0.594963
437.2336,-541.5032,0.595333
437.1638,-539.2450,0.595704
437.1004,-537.1437,0.596076
437.0345,-534.9138,0.596575
436.9748,-532.8469,0.596825
436.9114,-530.6342,0.597201
436.8510,-528.4621,0.597579
436.7907,-526.2180,0.597957
436.7340,-524.0861,0.598337
436.6766,-521.8803,0.598719
436.6181,-519.6434,0.599101
436.5608,-517.4212,0.599485
436.5045,-515.1914,0.599870
436.4497,-512.9609,0.600256
436.3969,-510.7066,0.600643
436.3448,-508.4577,0.601032
436.2884,-506.0985,0.601421
436.2334,-503.9056,0.601812
436.1782,-501.6230,0.602204
436.1230,-499.3897,0.602598
436.0641,-497.0986,0.602992
436.0059,-494.8272,0.603387
435.9412,-492.4887,0.603784
435.8742,-490.2104,0.604181
435.8045,-487.9335,0.604579
435.7364,-485.6254,0.604977
435.6760,-483.3482,0.605375
435.6116,-480.9801,0.605771
435.5476,-478.7273,0.606168
435.4799,-476.3287,0.606563
435.4185,-474.1777,0.606956
435.3511,-471.8860,0.607349
435.2853,-469.6524,0.607740
435.2193,-467.3547,0.608130
435.1558,-465.1119,0.608517
435.0930,-462.8772,0.608903
435.0303,-460.6562,0.609287
434.9703,-458.4733,0.609668
434.9119,-456.2727,0.610047
434.8533,-454.0617,0.610422
434.7956,-451.9362,0.610795
434.7377,-449.7797,0.611287
434.6817,-447.6544,0.611531
434.6278,-445.5749,0.612019
434.5724,-443.4470,0.612261
434.5164,-441.3142,0.612624
434.4595,-439.2543,0.612987
434.3975,-437.1610,0.613348
434.3319,-435.0670,0.613709
434.2609,-432.9575,0.614070
434.1840,-430.8816,0.614431
434.1012,-428.7676,0.614791
434.0159,-426.7479,0.615151
433.9212,-424.6463,0.615509
433.8241,-422.6029,0.615868
433.7209,-420.5100,0.616225
433.6140,-418.4347,0.616581
433.5103,-416.4209,0.616936
433.4009,-414.3298,0.617291
433.2887,-412.2882,0.617645
433.1726,-410.2464,0.617999
433.0533,-408.1967,0.618354
432.9350,-406.1434,0.618708
432.8114,-404.0905,0.619063
432.6815,-402.0509,0.619419
432.5441,-399.9634,0.619775
432.4035,-397.8946,0.620132
432.2626,-395.8331,0.620490
432.1186,-393.7539,0.620849
431.9709,-391.6851,0.621209
431.8154,-389.5749,0.621569
431.6535,-387.4547,0.621931
431.4834,-385.2941,0.622293
431.2652,-382.5917,0.622777
431.0846,-380.4749,0.623140
430.8994,-378.3663,0.623504
430.7148,-376.2442,0.623868
430.5296,-374.1026,0.624232
430.3493,-372.0056,0.624597
430.1686,-369.8568,0.624961
429.9980,-367.7704,0.625326
429.8365,-365.6826,0.625691
429.6870,-363.5540,0.626056
429.5562,-361.3810,0.626422
429.4498,-359.2666,0.626787
429.3599,-357.1004,0.627152
429.2871,-355.0040,0.627516
429.2302,-352.8636,0.627879
429.1971,-350.7266,0.628242
429.1893,-348.6055,0.628604
429.2060,-346.4760,0.628965
429.2525,-344.3500,0.629326
429.3297,-342.2343,0.629686
429.4378,-340.1254,0.630046
429.5817,-338.0019,0.630405
429.7540,-335.8951,0.630764
429.9567,-333.7415,0.631121
430.1861,-331.6856,0.631479
430.4533,-329.5951,0.631836
430.7807,-327.2978,0.632193
431.1887,-324.7712,0.632670
431.5576,-322.6772,0.633027
431.9523,-320.5864,0.633386
432.3715,-318.5101,0.633744
432.8185,-316.4252,0.634104
433.3037,-314.2967,0.634463
433.7844,-312.2919,0.634824
434.3046,-310.2091,0.635185
434.8390,-308.1469,0.635546
435.3975,-306.0708,0.635909
435.9852,-303.9624,0.636272
436.6333,-301.7279,0.636758
437.3991,-299.1749,0.637124
438.0582,-297.0673,0.637491
438.7372,-294.9820,0.637859
439.4288,-292.9317,0.638229
440.1576,-290.8429,0.638723
440.8921,-288.8057,0.639096
441.6495,-286.7575,0.639345
442.4329,-284.6744,0.639720
443.2891,-282.4545,0.640096
444.0545,-280.5119,0.640475
444.9059,-278.3958,0.640983
445.7269,-276.3807,0.641238
446.5763,-274.3298,0.641749
447.4388,-272.2767,0.642006
448.3325,-270.1767,0.642392
449.2333,-268.0785,0.642779
450.1336,-266.0065,0.643167
451.0390,-263.9421,0.643557
451.9587,-261.8623,0.643948
452.9081,-259.7285,0.644340
453.8721,-257.5798,0.644865
454.7687,-255.5947,0.645261
455.7382,-253.4619,0.645525
456.7092,-251.3414,0.645923
457.6854,-249.2241,0.646322
458.6503,-247.1422,0.646722
459.6786,-244.9417,0.647124
460.6443,-242.8911,0.647526
461.6543,-240.7560,0.647931
462.6576,-238.6440,0.648336
463.6983,-236.4764,0.648878
464.7186,-234.3745,0.649287
465.7730,-232.2217,0.649560
466.9470,-229.8601,0.650107
467.9153,-227.9355,0.650381
468.9796,-225.8441,0.650793
470.1007,-223.6834,0.651206
471.2379,-221.5265,0.651620
472.3999,-219.3659,0.652035
473.5537,-217.2636,0.652451
474.7331,-215.1643,0.652868
475.9255,-213.0923,0.653286
477.2044,-210.9204,0.653704
478.5021,-208.7748,0.654264
479.7682,-206.7241,0.654684
481.0638,-204.6696,0.655105
482.3754,-202.6290,0.655387
483.7685,-200.5115,0.655809
485.1058,-198.5230,0.656233
486.5484,-196.4328,0.656657
487.9596,-194.4366,0.657082
489.4235,-192.4213,0.657651
490.9796,-190.3160,0.657935
492.3401,-188.5049,0.658363
494.1269,-186.1783,0.658791
495.5024,-184.4268,0.659220
496.9992,-182.5603,0.659794
498.5725,-180.6331,0.660081
500.1713,-178.7242,0.660656
501.8035,-176.8120,0.661089
503.4411,-174.9281,0.661377
505.1113,-173.0437,0.661955
506.8223,-171.1485,0.662245
508.5369,-169.2827,0.662825
510.2427,-167.4612,0.663260
511.9900,-165.6294,0.663551
513.8023,-163.7522,0.663988
515.5652,-161.9597,0.664571
517.3634,-160.1523,0.664863
519.1470,-158.3871,0.665449
520.9702,-156.6049,0.665889
522.7931,-154.8385,0.666183
524.6900,-153.0193,0.666624
526.5578,-151.2463,0.667214
528.4222,-149.4909,0.667510
530.2844,-147.7521,0.668102
532.2020,-145.9699,0.668547
534.0580,-144.2492,0.668992
535.9526,-142.4931,0.669289
537.8655,-140.7181,0.669734
539.7498,-138.9673,0.670328
541.6194,-137.2225,0.670774
543.5080,-135.4552,0.671071
545.4167,-133.6607,0.671516
547.2349,-131.9449,0.671962
549.2618,-130.0227,0.672408
551.0492,-128.3160,0.672853
552.9710,-126.4656,0.673445
554.7186,-124.7705,0.673740
556.7098,-122.8281,0.674183
558.3623,-121.2028,0.674623
560.1597,-119.4193,0.675208
561.9262,-117.6519,0.675499
563.6959,-115.8631,0.676076
565.8018,-113.7147,0.676361
567.2385,-112.2345,0.676785
568.8198,-110.5944,0.677204
570.4968,-108.8373,0.677754
572.1131,-107.1302,0.678160
573.6739,-105.4712,0.678428
575.2442,-103.7893,0.678956
576.7729,-102.1394,0.679217
578.3303,-100.4440,0.679603
579.7917,-98.8279,0.679983
581.3040,-97.1285,0.680359
582.6251,-95.6187,0.680730
584.3289,-93.6211,0.681217
585.7731,-91.8780,0.681696
587.0912,-90.2471,0.681933
588.7267,-88.1647,0.682401
589.9573,-86.5334,0.682862
591.4822,-84.4342,0.683316
592.9349,-82.3556,0.683763
594.3465,-80.2585,0.684204
595.6961,-78.1685,0.684638
597.0043,-76.0767,0.684959
598.2801,-73.9422,0.685483
599.4336,-71.9439,0.685892
600.5654,-69.9137,0.686194
601.7037,-67.7993,0.686588
602.6932,-65.8880,0.686974
603.6816,-63.9080,0.687444
604.6332,-61.9278,0.687720
605.5132,-59.9973,0.688170
606.3403,-58.0953,0.688434
607.1144,-56.2015,0.688779
607.8458,-54.3002,0.689116
608.5409,-52.3577,0.689528
609.2809,-50.1566,0.689849
609.9278,-48.0509,0.690242
610.4820,-46.0761,0.690547
611.0234,-43.9274,0.690919
611.5074,-41.7658,0.691281
611.9266,-39.6471,0.691632
612.2859,-37.5835,0.691974
612.5896,-35.5505,0.692306
612.8389,-33.5415,0.692629
613.0541,-31.2340,0.693006
613.1886,-28.8455,0.693374
613.2212,-26.6067,0.693734
613.1542,-24.4999,0.694146
612.9871,-22.3428,0.694493
612.7286,-20.2424,0.694781
612.3712,-18.1074,0.695124
611.9314,-16.0492,0.695469
611.3912,-13.9472,0.695816
610.7465,-11.8525,0.696223
610.0083,-9.7706,0.696577
609.1850,-7.7099,0.696878
608.2608,-5.6151,0.697246
607.2390,-3.4940,0.697622
606.1434,-1.3818,0.698008
605.1698,0.3940,0.698337
604.1506,2.1598,0.698741
603.0718,3.9625,0.699017
601.9276,5.8013,0.699370
600.7603,7.6136,0.699730
599.5285,9.4667,0.700099
598.2359,11.3538,0.700476
596.9239,13.2291,0.700939
595.5624,15.1478,0.701334
594.1848,17.0789,0.701736
592.8031,19.0207,0.702147
591.3876,21.0323,0.702480
589.9838,23.0642,0.702902
588.6169,25.0967,0.703330
587.4451,26.8886,0.703676
586.1528,28.9318,0.704114
585.0862,30.6703,0.704468
584.0179,32.4745,0.704825
582.9888,34.2744,0.705277
581.9654,36.1199,0.705550
580.9497,38.0196,0.705918
579.9778,39.9042,0.706289
579.0105,41.8516,0.706757
578.0621,43.8207,0.707039
577.1324,45.8101,0.707415
576.2537,47.7580,0.707885
575.3262,49.8860,0.708260
574.5441,51.7436,0.708540
573.7150,53.7888,0.708914
572.9360,55.7990,0.709287
572.1964,57.7987,0.709659
571.4688,59.8677,0.710032
570.7932,61.9010,0.710405
570.1470,63.9736,0.710779
569.5170,66.1087,0.711154
568.9351,68.2220,0.711624
568.3725,70.4164,0.711908
567.8813,72.4731,0.712288
567.3914,74.6734,0.712671
566.9025,77.0884,0.713057
566.5319,79.0991,0.713445
566.1470,81.3597,0.713837
565.7949,83.6325,0.714332
565.4540,85.9766,0.714632
565.1442,88.2708,0.715135
564.8441,90.5971,0.715542
564.5433,93.0092,0.715849
564.2548,95.3575,0.716261
563.9667,97.7380,0.716676
563.6743,100.1523,0.717095
563.3779,102.6029,0.717517
563.0805,105.0342,0.718049
562.7729,107.5247,0.718478
562.4533,110.0948,0.718801
562.1970,112.1321,0.719235
561.9125,114.3680,0.719671
561.5843,116.9100,0.719998
561.2543,119.4113,0.720435
560.9174,121.8990,0.720870
560.5716,124.3833,0.721305
560.2108,126.8944,0.721738
559.8400,129.3743,0.722278
559.4640,131.7787,0.722601
559.0592,134.2342,0.723137
558.7131,136.2151,0.723458
558.2964,138.4547,0.723776
557.8240,140.7989,0.724198
557.3046,143.1745,0.724616
556.7529,145.4736,0.725029
556.1609,147.7426,0.725437
555.5202,149.9757,0.725940
554.8777,152.0564,0.726238
554.1735,154.1335,0.726631
553.4064,156.2195,0.727018
552.6305,158.2027,0.727496
551.8007,160.1812,0.727779
550.9383,162.1120,0.728151
550.0712,163.9324,0.728517
549.1558,165.7403,0.728875
548.1863,167.5375,0.729226
546.9642,169.6436,0.729656
545.6854,171.7189,0.730077
544.3467,173.7432,0.730488
542.9467,175.7313,0.730891
541.5769,177.5598,0.731286
540.1408,179.3462,0.731751
538.6770,181.0546,0.732130
537.1515,182.7348,0.732431
535.5954,184.3428,0.732801
533.9820,185.8957,0.733239
532.3971,187.3382,0.733526
530.7857,188.7109,0.733951
529.1250,190.0461,0.734230
527.4387,191.3171,0.734573
525.7162,192.5365,0.734913
524.0310,193.6456,0.735315
522.2927,194.7059,0.735645
520.5462,195.6965,0.735905
518.4347,196.7881,0.736355
516.3172,197.7742,0.736672
514.1885,198.6539,0.737050
512.0249,199.4354,0.737425
509.8555,200.1317,0.737799
507.6857,200.7417,0.738174
505.4482,201.2946,0.738551
503.2004,201.7801,0.738931
500.9247,202.2033,0.739379
498.6094,202.5702,0.739767
496.2877,202.8740,0.740094
494.2885,203.0838,0.740423
491.8995,203.2685,0.740822
489.5241,203.3856,0.741224
487.4551,203.4361,0.741563
485.4102,203.4336,0.741904
483.3699,203.3988,0.742249
481.2843,203.3304,0.742668
479.1868,203.2350,0.742951
477.0636,203.1081,0.743381
474.9036,202.9582,0.743671
472.7264,202.7873,0.744039
470.5492,202.6024,0.744413
468.3157,202.4045,0.744793
466.0649,202.2025,0.745257
463.7445,201.9916,0.745652
461.4304,201.7835,0.745973
459.0817,201.5706,0.746380
456.6820,201.3516,0.746793
454.2137,201.1239,0.747213
451.8041,200.9001,0.747638
449.8022,200.7154,0.748068
447.7994,200.5315,0.748417
445.7790,200.3484,0.748680
443.6971,200.1625,0.749034
441.6614,199.9827,0.749392
439.5491,199.7975,0.749753
437.4456,199.6151,0.750209
435.3303,199.4338,0.750485
433.0999,199.2453,0.750856
430.9904,199.0686,0.751230
428.8014,198.8868,0.751607
426.6238,198.7086,0.751988
424.3858,198.5279,0.752468
422.1797,198.3525,0.752759
419.8537,198.1705,0.753149
417.6163,197.9980,0.753543
415.3307,197.8250,0.753939
412.9884,197.6507,0.754440
410.6836,197.4825,0.754743
408.3045,197.3103,0.755149
405.9140,197.1405,0.755559
403.5022,196.9734,0.755971
401.1281,196.8141,0.756387
398.6571,196.6534,0.756911
396.2103,196.5017,0.757334
393.7367,196.3558,0.757760
391.2616,196.2163,0.758081
388.7555,196.0869,0.758512
386.2525,195.9651,0.758947
383.6894,195.8453,0.759385
381.1448,195.7346,0.759826
378.5916,195.6317,0.760269
375.9818,195.5384,0.760716
373.3635,195.4529,0.761165
370.6096,195.3719,0.761617
368.0906,195.3132,0.762071
366.0862,195.2758,0.762414
363.4782,195.2362,0.762872
361.4616,195.2152,0.763218
359.4371,195.2022,0.763681
357.3978,195.1962,0.763913
355.3947,195.1986,0.764262
353.3340,195.2077,0.764613
350.6568,195.2259,0.765083
348.6012,195.2479,0.765437
346.4948,195.2793,0.765792
344.4765,195.3146,0.766149
342.3313,195.3592,0.766507
340.3068,195.4085,0.766866
338.2068,195.4675,0.767347
336.1220,195.5312,0.767589
334.0086,195.5982,0.767952
331.8936,195.6698,0.768316
329.7779,195.7459,0.768682
327.6089,195.8268,0.769049
325.5185,195.9057,0.769417
323.3739,195.9881,0.769787
321.1802,196.0733,0.770158
319.0501,196.1562,0.770530
316.8877,196.2402,0.770904
314.7197,196.3244,0.771278
312.4975,196.4096,0.771655
310.3425,196.4890,0.772032
308.1051,196.5667,0.772537
305.9304,196.6393,0.772791
303.7214,196.7073,0.773172
301.4571,196.7730,0.773555
299.2244,196.8320,0.774068
297.0414,196.8846,0.774325
294.8128,196.9342,0.774841
292.5529,196.9809,0.775099
290.2978,197.0230,0.775489
288.0253,197.0617,0.775879
285.7136,197.0970,0.776271
283.4871,197.1280,0.776664
281.1530,197.1580,0.777059
278.8579,197.1838,0.777454
276.5978,197.2066,0.777851
274.2738,197.2264,0.778249
271.8043,197.2449,0.778648
269.6102,197.2584,0.779049
267.1854,197.2712,0.779451
264.9762,197.2796,0.779988
262.6360,197.2860,0.780258
260.3149,197.2906,0.780663
257.9412,197.2927,0.781070
255.5261,197.2937,0.781478
253.1957,197.2926,0.781887
250.7674,197.2904,0.782297
248.3896,197.2864,0.782708
246.0047,197.2815,0.783121
243.6541,197.2748,0.783534
241.2485,197.2659,0.783949
238.7807,197.2551,0.784365
236.4140,197.2441,0.784782
233.9894,197.2311,0.785200
231.5056,197.2156,0.785760
229.1057,197.2000,0.786180
226.6968,197.1837,0.786462
224.2068,197.1654,0.787026
221.7734,197.1467,0.787308
219.2836,197.1272,0.787733
216.8194,197.1074,0.788160
214.2816,197.0868,0.788587
211.8742,197.0669,0.789015
209.3767,197.0471,0.789444
206.8699,197.0281,0.789875
204.3932,197.0080,0.790306
201.8696,196.9882,0.790738
199.3786,196.9683,0.791171
196.8499,196.9485,0.791605
194.3211,196.9298,0.792039
191.7979,196.9123,0.792620
189.2400,196.8944,0.792911
186.7564,196.8778,0.793349
184.2169,196.8611,0.793787
181.6006,196.8441,0.794226
179.1179,196.8276,0.794666
176.4193,196.8102,0.795106
173.9907,196.7945,0.795695
171.4232,196.7781,0.795990
168.8787,196.7614,0.796434
166.2525,196.7432,0.797026
163.7321,196.7248,0.797322
161.0455,196.7026,0.797917
158.4629,196.6804,0.798215
155.7793,196.6574,0.798662
153.3486,196.6359,0.799110
150.7408,196.6121,0.799559
148.1554,196.5881,0.800009
145.5481,196.5630,0.800460
142.9078,196.5360,0.800912
140.3038,196.5100,0.801515
137.6715,196.4827,0.801817
134.8832,196.4534,0.802271
132.3958,196.4267,0.802726
129.6793,196.3967,0.803182
127.1099,196.3675,0.803638
124.4663,196.3366,0.804096
121.7573,196.3045,0.804554
118.9614,196.2704,0.805013
116.4659,196.2394,0.805473
113.4457,196.2000,0.805934
111.1208,196.1688,0.806395
108.4640,196.1333,0.806857
105.7582,196.0961,0.807321
103.6609,196.0668,0.807630
101.2441,196.0322,0.808094
97.7034,195.9811,0.808715
94.9964,195.9417,0.809182
92.2877,195.9019,0.809649
89.5767,195.8630,0.810117
86.8511,195.8247,0.810742
83.7513,195.7823,0.811056
81.3987,195.7515,0.811526
78.6836,195.7175,0.811997
75.9261,195.6842,0.812470
73.8862,195.6607,0.812785
71.3348,195.6323,0.813416
68.6078,195.6023,0.813733
65.8292,195.5738,0.814366
63.0439,195.5460,0.814683
60.3014,195.5215,0.815160
57.5174,195.4972,0.815638
55.4732,195.4808,0.815956
52.9168,195.4607,0.816435
50.0805,195.4386,0.816914
47.3591,195.4180,0.817555
44.5180,195.3967,0.817876
41.7478,195.3772,0.818358
38.9362,195.3591,0.819001
36.1764,195.3435,0.819324
33.3127,195.3280,0.819969
30.5202,195.3141,0.820455
27.7363,195.3007,0.820778
24.8656,195.2879,0.821427
22.0281,195.2756,0.821752
19.2874,195.2651,0.822240
16.4254,195.2557,0.822729
13.6129,195.2471,0.823219
10.6888,195.2400,0.823873
7.9040,195.2335,0.824200
5.1308,195.2280,0.824856
3.0593,195.2245,0.825020
0.3104,195.2209,0.825678
-2.5013,195.2162,0.826007
-5.4282,195.2130,0.826502
-7.5705,195.2113,0.826832
-10.2623,195.2092,0.827328
-13.4689,195.2067,0.827825
-15.9509,195.2066,0.828488
-19.0634,195.2075,0.828821
-21.7062,195.2075,0.829319
-24.6263,195.2078,0.829819
-27.5792,195.2090,0.830486
-30.8356,195.2094,0.830988
-33.4233,195.2099,0.831322
-36.2304,195.2109,0.831825
-38.2374,195.2116,0.832328
-41.1406,195.2125,0.832664
-43.2589,195.2135,0.833000
-46.0631,195.2150,0.833674
-48.9381,195.2170,0.834011
-51.8772,195.2216,0.834518
-53.8952,195.2245,0.835025
-56.7946,195.2290,0.835532
-59.7247,195.2324,0.835871
-61.7381,195.2340,0.836211
-64.7234,195.2374,0.836720
-67.6299,195.2419,0.837230
-70.6171,195.2463,0.837741
-73.5953,195.2521,0.838423
-76.4822,195.2573,0.838765
-79.5159,195.2660,0.839449
-82.4886,195.2755,0.839963
-85.4704,195.2858,0.840306
-88.4036,195.2940,0.840821
-90.4340,195.3003,0.841164
-93.4438,195.3093,0.841680
-96.3781,195.3176,0.842197
-98.4391,195.3241,0.842715
-101.3807,195.3330,0.843060
-103.4629,195.3394,0.843405
-106.3602,195.3498,0.843924
-108.3982,195.3571,0.844444
-111.4103,195.3678,0.844791
-113.4644,195.3751,0.845312
-116.5085,195.3860,0.845659
-119.4524,195.3975,0.846181
-121.5393,195.4064,0.846529
-123.6692,195.4157,0.846878
-126.6080,195.4272,0.847401
-129.5800,195.4380,0.848100
-131.6009,195.4453,0.848275
-133.6258,195.4517,0.848625
-135.7117,195.4579,0.848975
-137.7684,195.4636,0.849326
-139.7847,195.4688,0.849676
-142.9886,195.4757,0.850203
-145.8640,195.4803,0.850731
-147.8799,195.4846,0.851083
-149.8938,195.4893,0.851435
-151.9637,195.4939,0.851788
-154.0080,195.4982,0.852140
-156.1794,195.5023,0.852493
-159.1683,195.5058,0.853024
-161.3369,195.5074,0.853377
-164.3386,195.5088,0.854086
-166.3703,195.5093,0.854440
-169.3392,195.5091,0.854973
-171.3979,195.5082,0.855150
-173.5146,195.5069,0.855684
-175.5818,195.5056,0.856040
-177.6588,195.5037,0.856396
-179.6887,195.5014,0.856574
-181.7508,195.4986,0.856930
-183.8127,195.4954,0.857287
-185.9647,195.4917,0.857644
-187.9662,195.4875,0.858002
-190.0876,195.4828,0.858538
-192.1771,195.4786,0.858717
-195.2945,195.4724,0.859255
-197.3237,195.4687,0.859613
-199.4221,195.4653,0.859972
-201.4639,195.4599,0.860331
-203.5619,195.4546,0.860690
-205.6589,195.4484,0.861050
-207.9393,195.4430,0.861410
-210.9453,195.4337,0.861950
-214.0143,195.4231,0.862671
-216.0925,195.4157,0.862852
-218.1332,195.4080,0.863213
-220.3286,195.4005,0.863575
-222.3752,195.3932,0.863936
-224.4981,195.3854,0.864298
-226.6226,195.3777,0.864660
-228.6312,195.3699,0.865023
-230.8117,195.3610,0.865385
-232.9577,195.3521,0.865748
-234.9771,195.3440,0.866293
-237.1170,195.3355,0.866475
-239.3130,195.3268,0.866839
-242.3843,195.3134,0.867567
-244.4605,195.3038,0.867931
-246.5936,195.2937,0.868114
-248.7223,195.2834,0.868478
-250.8051,195.2734,0.868843
-252.9062,195.2628,0.869209
-255.1078,195.2510,0.869574
-257.1468,195.2406,0.869940
-259.2365,195.2299,0.870489
-261.3920,195.2187,0.870673
-263.5411,195.2071,0.871039
-265.6408,195.1964,0.871406
-267.8632,195.1851,0.871957
-269.9144,195.1742,0.872140
-271.9855,195.1640,0.872508
-274.2392,195.1541,0.872876
-276.3584,195.1456,0.873243
-278.4198,195.1360,0.873611
-280.6137,195.1247,0.874161
-282.6678,195.1132,0.874345
-284.7820,195.1006,0.874711
-287.0067,195.0871,0.875077
-289.0406,195.0761,0.875442
-291.1782,195.0657,0.875989
-293.2852,195.0568,0.876352
-295.3232,195.0495,0.876533
-297.3935,195.0437,0.876895
-299.5021,195.0371,0.877436
-301.6233,195.0297,0.877615
-303.7308,195.0228,0.877973
-305.7617,195.0148,0.878506
-307.7659,195.0058,0.878682
-309.8276,194.9960,0.879034
-311.9083,194.9869,0.879383
-314.9199,194.9752,0.880074
-317.8507,194.9685,0.880415
-320.6925,194.9648,0.881091
-323.6492,194.9623,0.881425
-325.7050,194.9618,0.881756
-328.3339,194.9635,0.882247
-331.3331,194.9665,0.882733
-334.0010,194.9691,0.883213
-336.8851,194.9685,0.883688
-339.4851,194.9665,0.884157
-342.2890,194.9599,0.884621
-344.7566,194.9496,0.885231
-347.3509,194.9334,0.885532
-349.9472,194.9072,0.886126
-352.4940,194.8716,0.886419
-355.0970,194.8221,0.886998
-357.5092,194.7641,0.887284
-359.9328,194.6889,0.887707
-362.3814,194.5957,0.888126
-364.7988,194.4853,0.888538
-367.1393,194.3638,0.889080
-369.5511,194.2221,0.889348
-371.8131,194.0688,0.889876
-374.0618,193.8979,0.890267
-376.2904,193.7138,0.890524
-378.5375,193.5093,0.890906
-380.7319,193.2870,0.891283
-382.8926,193.0501,0.891656
-385.0016,192.8045,0.892023
-387.1167,192.5405,0.892385
-389.1983,192.2618,0.892861
-391.2406,191.9726,0.893096
-393.2390,191.6668,0.893560
-395.2292,191.3457,0.893789
-397.8464,190.8922,0.894241
-400.4257,190.4155,0.894684
-402.9213,189.9181,0.895120
-405.3871,189.3949,0.895549
-407.8021,188.8387,0.896074
-410.1502,188.2530,0.896383
-412.4376,187.6473,0.896789
-414.7412,186.9965,0.897189
-416.9903,186.3187,0.897581
-419.1338,185.6278,0.897967
-421.2322,184.9129,0.898440
-423.2884,184.1758,0.898719
-425.3487,183.3966,0.899087
-427.3262,182.6045,0.899542
-429.2662,181.7962,0.899813
-431.2626,180.9274,0.900263
-433.2273,180.0413,0.900532
-435.0762,179.1773,0.900891
-437.0330,178.2261,0.901251
-438.9085,177.2844,0.901613
-440.8248,176.2913,0.901978
-442.7391,175.2697,0.902346
-444.6860,174.2009,0.902718
-446.6037,173.1246,0.903187
-448.6677,171.9424,0.903471
-450.5274,170.8554,0.903853
-452.4171,169.7285,0.904334
-454.3793,168.5402,0.904624
-456.3479,167.3319,0.905113
-458.2926,166.1163,0.905408
-460.2977,164.8422,0.905804
-462.2184,163.5994,0.906204
-464.2203,162.2752,0.906708
-466.1946,160.9400,0.907116
-468.1805,159.5710,0.907423
-470.1528,158.1851,0.907836
-472.1340,156.7560,0.908253
-474.1471,155.2626,0.908672
-476.0458,153.8164,0.909094
-477.9710,152.3127,0.909515
-479.9123,150.7578,0.909935
-481.7385,149.2530,0.910352
-483.5311,147.7271,0.910763
-485.3271,146.1512,0.911266
-486.9934,144.6555,0.911562
-488.6370,143.1420,0.912046
-490.2675,141.6052,0.912331
-491.8101,140.1141,0.912705
-493.3118,138.6233,0.913072
-494.7746,137.1292,0.913431
-496.1614,135.6734,0.913870
-497.5374,134.1926,0.914127
-499.1252,132.4347,0.914630
-500.6772,130.6723,0.915036
-502.1876,128.9172,0.915353
-503.6051,127.2128,0.915739
-504.9515,125.5395,0.916114
-506.2183,123.8958,0.916479
-507.4407,122.2209,0.916833
-508.7597,120.2856,0.917246
-509.9930,118.3135,0.917650
-511.1376,116.3249,0.918048
-512.1948,114.2970,0.918442
-513.1748,112.2441,0.918835
-514.1051,110.1458,0.919230
-514.8809,108.2573,0.919564
-515.6776,106.1619,0.919971
-516.4970,103.8204,0.920386
-517.2089,101.5818,0.920810
-517.7904,99.5806,0.921170
-518.3140,97.5980,0.921535
-518.8059,95.5648,0.921980
-519.2813,93.4599,0.922356
-519.7249,91.3491,0.922659
-520.1441,89.2114,0.923044
-520.5288,87.0403,0.923435
-520.8852,84.8202,0.923833
-521.2142,82.5193,0.924237
-521.5030,80.1957,0.924731
-521.7486,77.8807,0.925063
-521.9430,75.5175,0.925484
-522.0842,73.0882,0.925909
-522.1730,70.5915,0.926338
-522.2169,68.2581,0.926772
-522.2175,66.2247,0.927122
-522.1591,63.6013,0.927648
-522.0574,61.2803,0.927999
-521.9001,58.7398,0.928435
-521.7014,56.2876,0.928869
-521.4486,53.8334,0.929300
-521.1944,51.8017,0.929643
-520.9064,49.7421,0.929985
-520.5314,47.3729,0.930408
-520.0910,44.9405,0.930824
-519.5972,42.5703,0.931233
-519.0294,40.2342,0.931632
-518.3856,37.9516,0.932023
-517.6950,35.8051,0.932404
-516.9380,33.7181,0.932779
-516.1100,31.6676,0.933147
-515.2036,29.6649,0.933508
-514.2557,27.7875,0.933863
-513.2222,25.9480,0.934214
-512.1342,24.1752,0.934560
-510.9838,22.4523,0.934902
-509.7891,20.8039,0.935240
-508.5037,19.1483,0.935576
-507.0126,17.3560,0.936044
-505.6678,15.8363,0.936312
-504.3060,14.3684,0.936647
-502.8881,12.8962,0.936985
-501.4171,11.4200,0.937397
-499.8990,9.9506,0.937676
-498.3019,8.4741,0.938028
-496.7592,7.1091,0.938385
-495.1053,5.7295,0.938746
-493.4167,4.3969,0.939113
-491.6186,3.0680,0.939484
-489.8134,1.8068,0.939859
-487.9011,0.5595,0.940315
-485.9646,-0.6348,0.940622
-483.9412,-1.7893,0.941011
-481.9008,-2.8912,0.941406
-479.7705,-3.9638,0.941886
-477.6038,-4.9876,0.942211
-475.3932,-5.9493,0.942620
-473.1376,-6.8579,0.943118
-470.8123,-7.7461,0.943454
-468.4876,-8.6020,0.943880
-466.6032,-9.2735,0.944225
-464.6363,-9.9451,0.944576
-462.7033,-10.5777,0.944930
-460.7448,-11.1946,0.945290
-458.6946,-11.8188,0.945654
-456.7062,-12.4031,0.946023
-454.6604,-12.9884,0.946397
-452.5513,-13.5711,0.946775
-450.4814,-14.1258,0.947158
-448.3729,-14.6727,0.947544
-446.0653,-15.2519,0.947935
-444.0512,-15.7388,0.948427
-441.8589,-16.2544,0.948726
-439.5676,-16.7729,0.949227
-437.4282,-17.2419,0.949631
-435.2010,-17.7182,0.949937
-432.9207,-18.1918,0.950346
-430.6323,-18.6570,0.950759
-428.3314,-19.1116,0.951279
-425.9640,-19.5648,0.951593
-423.6302,-19.9958,0.952121
-421.2693,-20.4174,0.952546
-418.8599,-20.8366,0.952974
-416.4412,-21.2462,0.953297
-414.0333,-21.6398,0.953840
-411.5297,-22.0366,0.954167
-409.1081,-22.4067,0.954606
-406.6169,-22.7735,0.955047
-404.0917,-23.1311,0.955492
-401.5788,-23.4749,0.955938
-399.0078,-23.8132,0.956500
-396.4807,-24.1344,0.956838
-393.9148,-24.4461,0.957291
-391.7810,-24.6954,0.957632
-389.3243,-24.9702,0.958203
-386.6362,-25.2582,0.958547
-384.1229,-25.5144,0.959007
-382.1298,-25.7098,0.959469
-380.1372,-25.8978,0.959817
-378.1388,-26.0776,0.960167
-376.1436,-26.2517,0.960400
-374.1163,-26.4205,0.960868
-372.0957,-26.5826,0.961103
-370.0688,-26.7387,0.961575
-368.0281,-26.8886,0.961812
-365.9792,-27.0342,0.962168
-363.9497,-27.1713,0.962524
-361.8645,-27.3067,0.962882
-359.7997,-27.4341,0.963241
-357.7184,-27.5551,0.963721
-355.6433,-27.6740,0.963962
-353.5711,-27.7866,0.964325
-351.4462,-27.8937,0.964688
-349.3627,-27.9904,0.965052
-347.2250,-28.0859,0.965418
-345.0726,-28.1759,0.965907
-342.9932,-28.2533,0.966152
-340.8268,-28.3278,0.966521
-338.7088,-28.3945,0.966891
-336.5483,-28.4560,0.967263
-334.3807,-28.5090,0.967760
-332.2139,-28.5566,0.968009
-330.0231,-28.5983,0.968384
-327.8380,-28.6305,0.968886
-325.6415,-28.6586,0.969263
-323.3342,-28.6806,0.969516
-321.3103,-28.6938,0.969896
-318.9578,-28.7042,0.970277
-316.8554,-28.7073,0.970787
-314.6036,-28.7041,0.971043
-312.3448,-28.6939,0.971428
-310.1449,-28.6786,0.971944
-307.8968,-28.6599,0.972202
-305.5703,-28.6356,0.972591
-303.3560,-28.6080,0.972981
-301.0721,-28.5736,0.973503
-298.7972,-28.5322,0.973896
-296.5249,-28.4893,0.974290
-294.2176,-28.4446,0.974685
-291.9479,-28.3981,0.974950
-289.6309,-28.3468,0.975480
-287.3212,-28.2939,0.975746
-284.9593,-28.2375,0.976145
-282.6711,-28.1761,0.976546
-280.3418,-28.1116,0.976948
-278.0036,-28.0423,0.977486
-275.6600,-27.9738,0.977891
-273.3039,-27.9070,0.978161
-270.9654,-27.8407,0.978704
-268.5310,-27.7690,0.978976
-266.1583,-27.6971,0.979522
-263.7609,-27.6192,0.979932
-261.4457,-27.5389,0.980343
-259.0065,-27.4556,0.980618
-256.6668,-27.3847,0.981032
-254.1866,-27.3029,0.981585
-251.8706,-27.2203,0.981862
-249.4670,-27.1362,0.982279
-247.0208,-27.0521,0.982697
-244.5898,-26.9686,0.983256
-242.1719,-26.8863,0.983536
-239.5724,-26.7989,0.983957
-237.2627,-26.7113,0.984520
-234.8319,-26.6181,0.984803
-232.3542,-26.5262,0.985227
-229.8956,-26.4371,0.985795
-227.4241,-26.3428,0.986079
-224.9068,-26.2479,0.986649
-222.4602,-26.1562,0.986935
-219.9694,-26.0618,0.987365
-217.4950,-25.9669,0.987939
-215.0011,-25.8674,0.988371
-212.4728,-25.7652,0.988660
-209.9737,-25.6690,0.989238
-207.4536,-25.5706,0.989673
-204.7812,-25.4632,0.989964
-202.4430,-25.3671,0.990546
-199.8737,-25.2608,0.990838
-197.3169,-25.1593,0.991277
-194.7706,-25.0612,0.991717
-192.2084,-24.9590,0.992157
-189.6666,-24.8546,0.992746
-187.1093,-24.7529,0.993041
-184.5446,-24.6497,0.993632
-181.9792,-24.5420,0.993927
-179.3723,-24.4293,0.994372
-176.7945,-24.3172,0.994966
-174.2197,-24.2056,0.995263
-171.5003,-24.0887,0.995710
-169.0478,-23.9857,0.996158
-166.4382,-23.8755,0.996756
-163.8648,-23.7656,0.997055
-161.2487,-23.6514,0.997505
-158.6372,-23.5385,0.998106
-156.0266,-23.4321,0.998558
-153.4021,-23.3257,0.999011
-150.6211,-23.2124,0.999313
-148.1539,-23.1192,0.999767
